count_hh,corr_SAW_hodge,corr_SAW_meet,corr_consum_hodge,corr_consum_meet,consum_sd,local_incon,global_incon,cycle_ratio
8,0.5455447255899809,0.6546536707079772,0.0996224628521828,-0.05522150303969605,206.6743744799257,0.11231173105,0.0,0.11231173105
9,0.6330541649476573,0.3945120158369459,0.44826132252366774,0.3801012421188922,228.89994605157972,0.1457963295777778,0.0,0.1457963295777778
9,0.4895619147230909,0.3162277660168379,0.4748826843805731,0.4890123661329419,477.86933805665467,0.15190392445555556,0.0,0.15190392445555556
9,0.4382504900892777,0.4382504900892777,0.2092573471606081,0.20662584698217693,227.4544764539709,0.11518313591111112,0.0,0.11518313591111112
9,-0.5477225575051661,-0.5477225575051661,0.46834592368056055,0.2530559996471716,249.33642696284593,0.2583801435777777,0.0,0.2583801435777777
9,0.5968834402710812,0.37416573867739417,0.13650284318245728,0.5065736856608096,330.5138926013882,0.24536450393333334,0.0,0.24536450393333334
9,0.7668115805072325,0.3377622437948524,0.47216365429870927,0.5802351463537161,297.5729082481636,0.17320400476666667,0.0,0.17320400476666667
7,0.5345224838248488,0.40089186286863665,-0.2174221788995497,-0.19926333190737994,271.12283315284026,0.16725984089999998,0.0,0.16725984089999998
8,0.629940788348712,0.7559289460184545,0.9046991318282849,0.9284765369306857,183.2025285019911,0.1574108152125,0.0,0.1574108152125
9,0.6207522318391883,0.7211680340484687,0.7355673117902765,0.5891164351585334,392.36859223402246,0.13118200904444444,0.0,0.13118200904444444
8,0.6390096504226939,-0.48251749113550346,0.555783779532855,-0.27117121880300826,186.46584845735734,0.17910783866250002,0.0,0.17910783866250002
9,0.17928429140015903,-0.48805168214487743,-0.026729147962473127,-0.669256962509957,421.684786363692,0.14103685086666667,0.0,0.14103685086666667
8,0.3318959254580089,0.5773502691896258,0.3784871654876923,0.8246661083420297,106.07153215905092,0.5440809043875,0.0,0.5440809043875
9,0.4099457958749615,0.22360679774997896,0.8018876474054158,0.5956143319322906,234.98443703957292,0.14236772375555554,0.0,0.14236772375555554
9,0.5477225575051662,0.4564354645876384,0.5549694687281219,0.41274708039894276,153.82531174555965,0.11828879766666667,0.0,0.11828879766666667
9,0.710046946804693,0.5809475019311126,0.31465942033042726,0.6619974137268062,176.54773999173315,0.17795302169999996,0.0,0.17795302169999996
9,0.36667939881128453,0.27386127875258304,0.5250513640275113,0.6570021090749422,106.03583003060805,0.20336161857777782,0.0,0.20336161857777782
9,0.10350983390135313,0.10350983390135313,0.5605986306840889,0.6667641130788146,103.05440190452808,0.12583239484444445,0.0,0.12583239484444445
8,0.21821789023599242,0.10910894511799621,0.199572121163308,0.33124095775499957,226.02728384337647,0.1375341818625,0.0,0.1375341818625
9,0.9486832980505139,0.9486832980505139,0.42579946509069716,0.48373117375822555,334.27168752150334,0.11706254077777777,0.0,0.11706254077777777
8,0.6997157779998369,0.3068928850876477,0.6562074946847095,0.6311148940355169,636.5084396761101,0.10727402098750001,0.0,0.10727402098750001
9,0.4140393356054125,0.3105295017040594,-0.16784464673851862,-0.024624719446840804,249.49854972499895,0.10489383915555556,0.0,0.10489383915555556
9,0.5716911161570706,0.7245688373094719,0.42376744328236843,0.6178825322192468,385.5088932547993,0.08590290511111112,0.0,0.08590290511111112
8,0.6873217490352689,0.7010681840159743,0.8519327863948294,0.6877224008061729,296.4648134557094,0.12163516937499999,0.0,0.12163516937499999
9,0.8285098499285156,0.7661488934822833,0.5275049301872625,0.5635271696177522,401.2968040626936,0.15680630071111112,0.0,0.15680630071111112
9,0.6351073488299558,0.7378647873726218,0.7896574649551158,0.7949044572462113,668.0699127952299,0.1229874916888889,0.0,0.1229874916888889
9,0.6238502938920436,0.7018315806285491,0.846880411250442,0.8391833143181526,1171.6936953129239,0.15589294106666665,0.0,0.15589294106666665
9,0.527817616771769,0.4008918628686366,0.7076338966710427,0.4845970540257476,322.09331237258885,0.1340660985222222,0.0,0.1340660985222222
9,-0.27386127875258304,0.27386127875258304,-0.36372038628684505,-0.31622244144228834,160.1908490817359,0.11451796253333334,0.0,0.11451796253333334
9,0.03241018617760822,0.2766416675862441,0.45324604629365034,0.38729050070789645,199.63164162349113,0.12070449942222222,0.0,0.12070449942222222
9,0.5770853688457018,0.4896481917478682,0.5909648869999028,0.5687400545013345,204.92397597312427,0.16148430727777774,0.0,0.16148430727777774
9,0.42754862298030843,0.45546786976927023,0.7725281212677031,0.6431063806383724,138.60530754948664,0.10519427806666665,0.0,0.10519427806666665
9,0.4472135954999579,0.8385254915624212,0.4005298461419647,0.4060560936125509,223.38117272560024,0.1088639985888889,0.0,0.1088639985888889
9,0.6401280384128045,0.13944333775567924,-0.16277726359753253,-0.07574028331464262,486.1651369781902,0.09143606236666665,0.0,0.09143606236666665
8,-0.5235796803447669,-0.1021618888477594,0.1059819767961807,0.7919927026874873,586.4885753523653,0.15156247622500002,0.0,0.15156247622500002
9,0.5053954177689849,0.372396623619252,0.8008353655911884,0.8590326998184535,252.56009692103535,0.18642107945555556,0.0,0.18642107945555556
9,0.5477225575051661,0.5477225575051661,0.3805632591136147,0.3308730554725636,134.65655482342845,0.1359043686,0.0,0.1359043686
8,0.6390096504226939,0.6390096504226939,-0.3148769743725987,-0.16099207147121838,172.06889055817928,0.12990574652500003,0.0,0.12990574652500003
8,0.6209204205650661,0.7715167498104596,0.5680152457301735,0.7583905411341417,238.35949566651533,0.16072531680000002,0.0,0.16072531680000002
9,0.12909944487358055,-0.451848057057532,0.5618154548453514,0.6837644966111616,158.96254211386562,0.14614224755555552,0.0,0.14614224755555552
8,0.16464638998453549,-0.4364357804719848,0.40499740936927403,0.3948750799687493,355.39123434350785,0.1215053860875,0.0,0.1215053860875
9,0.521749194749951,0.521749194749951,0.6150408995891825,0.7038660022933299,355.14140903623166,0.20778443430000001,0.0,0.20778443430000001
8,0.23145502494313785,0.1543033499620919,0.8425597794177945,0.7689824861024974,212.6851564983921,0.1261727867125,0.0,0.1261727867125
9,0.6650916769705589,0.39123039821797584,0.410174413645282,0.40529092501145014,459.6505460389531,0.18338727192222223,0.0,0.18338727192222223
7,-0.29649972666444047,0.29649972666444047,-0.18808868708236479,-0.14143752590668862,306.4253685489767,0.1879935485142857,0.0,0.1879935485142857
9,0.6324555320336758,0.44798933519052037,0.6052999781505982,0.7082712955064977,129.29427421573152,0.1567229429111111,0.0,0.1567229429111111
9,0.6839855680567695,0.7523841248624463,0.7110340505026265,0.6875983525385485,322.8573900032429,0.17532943967777773,0.0,0.17532943967777773
9,0.4899789435061114,0.5612486080160912,0.4816713032427278,0.31867830602591096,148.177167325452,0.1430642927222222,0.0,0.1430642927222222
8,0.7854091098781055,0.5855400437691199,0.5540893735513239,0.46790221622826933,161.86941604729017,0.191960314375,0.0,0.191960314375
9,0.2647325694608303,-0.07302967433402215,0.6685483415518546,0.4314940628404519,200.68560393945663,0.07700828346666669,0.0,0.07700828346666669
8,0.4076871241636057,0.568291142773511,-0.6818037601655356,-0.7070577517024442,219.65796807615635,0.1173473401125,0.0,0.1173473401125
9,0.6605782590758164,0.5963553727767786,0.5180865710880374,0.5657963739536619,122.90283651637965,0.11813333307777778,0.0,0.11813333307777778
9,0.4681312053226375,-0.05976143046671968,0.2899352061260485,0.15675323055714213,126.13540259844225,0.14661208031111114,0.0,0.14661208031111114
8,,,0.0023315509047646533,0.36214697848189653,129.8616724793842,0.121274399825,0.0,0.121274399825
9,0.5201040312104037,0.35856858280031806,0.17805164344223834,0.04566749787493939,455.59822214013604,0.16302580245555556,0.0,0.16302580245555556
9,0.2174141383696682,0.08660254037844385,0.6754984096706206,0.6672408250677602,224.96410708204718,0.1259735641888889,0.0,0.1259735641888889
8,0.8556058190999849,0.9322272357358045,0.6415486540395045,0.6158498801168681,158.98914827387648,0.151448406725,0.0,0.151448406725
9,0.7801560468156055,0.6175347814894367,0.34433111484287193,0.26209498751649857,243.94990643367464,0.14391943784444447,0.0,0.14391943784444447
9,0.6097172805832944,0.7213556559013625,0.5753563790515095,0.7505334948782885,335.857246035222,0.1262246547888889,0.0,0.1262246547888889
8,0.655966919110482,0.5346815442312336,0.09399697042371033,-0.14398317468560745,204.07807220806407,0.1355502291125,0.0,0.1355502291125
9,-0.2187458071062043,-0.019802950859533486,0.45974884930567533,0.38278988891954147,172.69602983210208,0.16686529326666666,0.0,0.16686529326666666
9,0.33506521528156413,0.5683416511359185,0.5755637847574074,0.5406170360983374,456.32942606788197,0.1435582852888889,0.0,0.1435582852888889
9,0.5751086853804244,0.41079191812887456,0.7310338369706604,0.7248131798380526,410.37568695969617,0.1724336331222222,0.0,0.1724336331222222
8,0.4447495899966607,0.6547702297173061,0.7654084250359429,0.8087035128067832,249.18092584880543,0.13251369845,0.0,0.13251369845
9,0.5613608914238399,-0.037267799624996496,0.5232129720359017,0.4767028670130617,166.8135090987088,0.1293892785222222,0.0,0.1293892785222222
7,-0.15811388300841894,-0.15811388300841894,0.7497368767970048,0.6182778115549047,136.589388930839,0.19078756601428573,0.0,0.19078756601428573
8,0.4818120558297158,0.1729581738875903,0.500873125565613,0.7655693337802347,176.36031697798956,0.1379083709,0.0,0.1379083709
9,-0.34655164004183603,-0.2772413120334688,0.3600486280348912,0.2406657812320867,223.74988631139817,0.16633467252222223,0.0,0.16633467252222223
9,0.0,-0.1732050807568877,0.32050209472253866,-0.29017587306352494,108.11736365828082,0.24001006668888886,0.0,0.24001006668888886
9,0.748554161923727,0.43817804600413285,0.6891376686966703,0.4809622555528703,155.09951638077226,0.09429493035555556,0.0,0.09429493035555556
7,0.6910233190806426,0.9274260335029678,0.2590067326419659,0.6609729970442024,305.181203999311,0.08027064802857144,0.0,0.08027064802857144
9,0.7850632506370288,0.6061032181989393,0.4381323263247333,0.36584601475049927,126.86994563645789,0.09496624007777778,0.0,0.09496624007777778
8,0.44095855184409843,0.2519763153394848,0.4335691878811588,-0.2043240050356432,114.18691444314871,0.1148213634375,0.0,0.1148213634375
8,0.5346815442312336,0.4303534380397734,0.3546774481179931,0.3200502596185571,248.05095621084124,0.173276564375,0.0,0.173276564375
9,0.6451290387129046,0.6872564503672763,0.1260295305103372,0.19361979441407534,169.92435289894033,0.1387861781777778,0.0,0.1387861781777778
9,0.9128709291752768,0.9128709291752768,0.2855193243050792,0.45799072876472213,1089.8497079781919,0.10362763034444446,0.0,0.10362763034444446
6,0.8783100656536799,0.29277002188455997,-0.1073130457180272,0.8914773115300826,182.08247854417698,0.19160478498333333,0.0,0.19160478498333333
8,0.8781140799175228,0.6061608062110899,0.27467321665687816,0.42808874645775946,410.0420198443985,0.158647020375,0.0,0.158647020375
9,0.49009802940980346,0.557773351022717,0.2985393186633138,0.3745387454096157,308.5975881749605,0.15726842174444447,0.0,0.15726842174444447
9,0.8058066296105564,0.6845024057982145,0.7155936602665162,0.684244756764358,428.3299841937789,0.1396420751222222,0.0,0.1396420751222222
9,0.6440675499119308,0.6870053865727263,0.7457006568337621,0.44085045130676065,108.22955326826172,0.08616940615555556,0.0,0.08616940615555556
9,0.521640530957301,0.5738045840530311,0.6318650674914019,0.5611882345734824,151.5615187664741,0.20737037708888886,0.0,0.20737037708888886
9,0.5163977794943222,0.2581988897471611,0.04846925649269788,0.23102009093526615,150.31933605553527,0.13760780163333333,0.0,0.13760780163333333
9,-0.09128709291752768,-0.09128709291752768,0.7629821930381087,0.579830683255419,225.8895869355375,0.20740262644444443,0.0,0.20740262644444443
7,0.5426488617097118,0.7297691588509918,0.6739193739099386,0.7733538344269226,710.1309199563542,0.14934835574285715,0.0,0.14934835574285715
8,-0.18073922282301277,0.39056328877620144,0.634248234496801,0.7208381103342639,708.8257790810073,0.12284964060000002,0.0,0.12284964060000002
8,0.40050093945740717,0.27534439587696746,0.14725797153204195,-0.307556234760089,130.8327818644389,0.2896966690125,0.0,0.2896966690125
7,0.7484811885651198,0.8981774262781438,-0.11265452231106957,0.46963644686809575,171.92614002647986,0.17444647124285712,0.0,0.17444647124285712
7,0.7171371656006363,0.5976143046671969,0.8553172276939951,0.7020065264918829,870.9657212178809,0.18385984948571427,0.0,0.18385984948571427
6,0.5161002296110789,0.27322953332351235,0.06471153192239622,-0.2173133036896129,985.5711089912863,0.2643249961,0.0,0.2643249961
6,0.7058823529411765,0.7247137945655605,0.542283487094739,0.5870709055854275,130.7937128421916,0.07184731068333333,0.0,0.07184731068333333
9,0.9233805168766387,0.7951332228659944,0.8232468442820664,0.7863966104363906,438.234968484542,0.1371051737333333,0.0,0.1371051737333333
7,0.6736330697086078,0.7484811885651198,0.23431340379011745,0.06919227858771908,354.61705798050525,0.1573981294857143,0.0,0.1573981294857143
7,0.4490887131390719,0.6174969805662239,0.2640749942808295,0.45010048774079336,232.426513381469,0.12316481161428572,0.0,0.12316481161428572
8,0.4724987359208872,-0.012770236105969925,0.2839371934450285,0.45480794397669483,155.2324873310973,0.1373113774875,0.0,0.1373113774875
9,0.451848057057532,0.5163977794943222,0.7614866176439002,0.7357182285843459,334.3152901813849,0.15214312016666665,0.0,0.15214312016666665
8,0.21994295969128605,-0.20619652471058067,-0.08250605098055316,-0.10952202731430837,206.54627137202343,0.10729105922499999,0.0,0.10729105922499999
4,,,0.7215556172117575,0.3260305510849756,173.1045276121242,0.05555555555,0.0,0.05555555555
8,0.6910233190806426,0.666776886832199,0.6427850524545247,0.735322167300691,719.9973507407321,0.127702736825,0.0,0.127702736825
2,-0.9999999999999999,0.9999999999999999,-0.9999999999999999,1.0,140.91803763046101,0.1111111111,0.0,0.1111111111
9,0.3985710210976946,0.3465834966066909,-0.0684276278714904,-0.06949967281988587,109.48361137447823,0.10208209922222222,0.0,0.10208209922222222
8,0.5738045840530311,0.3390663451222457,0.05204893363376257,0.017261826459805556,1085.8389653409115,0.1349954147,0.0,0.1349954147
7,0.39279220242478635,0.6546536707079772,0.358220982717119,0.43739459866316066,270.469366285346,0.15596984788571427,0.0,0.15596984788571427
6,0.3086066999241838,-0.5246313898711126,0.6073101351984259,-0.42446781807190864,169.3238684938502,0.17173666341666669,0.0,0.17173666341666669
9,0.11927107455535574,0.1651445647689541,0.7943301125294586,0.675437213348034,388.31583967106525,0.16214202146666667,0.0,0.16214202146666667
7,0.47673129462279623,0.2267786838055364,-0.5012852252646304,-0.25500683039101524,341.7922549351955,0.15386100388571428,0.0,0.15386100388571428
7,0.6972166887783964,0.45817096691151754,0.6884081859777121,0.5309858723487838,270.97664462403316,0.1557363980142857,0.0,0.1557363980142857
9,0.4571037452743458,0.5188745216627709,0.6585838748395664,0.5803868157732549,1331.5738113134562,0.10135696990000001,0.0,0.10135696990000001
8,0.24743582965269675,0.24743582965269675,0.6831584474613301,0.6166033463553233,399.51402209375385,0.1814273397,0.0,0.1814273397
9,0.46744755235901847,0.43446272755579407,0.47870704148040205,0.5369362243132095,1133.3113407270396,0.17756986149999998,0.0,0.17756986149999998
9,0.36852666188185473,0.4403855060505442,0.13596748379576049,0.587541105097817,555.1708793320463,0.1396377232,0.0,0.1396377232
8,0.8953346962966182,0.7610943550173663,0.7314139767024305,0.5152360378036205,187.6700300815389,0.15575405380000001,0.0,0.15575405380000001
8,0.7972339748041415,0.6686478498357317,0.23755589016363132,0.4069160442367406,373.4948335701427,0.14724352445,0.0,0.14724352445
9,-0.019802950859533486,0.37625606633113623,0.09109723578005556,0.1992465173451774,320.3192074011212,0.17896354584444443,0.0,0.17896354584444443
9,0.36514837167011077,0.07302967433402215,0.6039183669535467,0.7275662581364044,121.99871022924606,0.15343563215555556,0.0,0.15343563215555556
8,0.7023629858283459,0.676822513616406,-0.3718491756268984,-0.30886828011772954,151.53481508063703,0.15088988412499998,0.0,0.15088988412499998
8,0.6546536707079772,0.4364357804719848,0.7697473142483838,0.4763006031246696,420.8318506160889,0.12918707005,0.0,0.12918707005
9,0.8657412496078821,0.8404649792712253,0.6881922157420818,0.7350189782674129,282.14445604993483,0.1859009967,0.0,0.1859009967
9,0.6928203230275508,0.8660254037844386,0.47469704855097294,0.6040811429595201,792.3764120980475,0.15538031764444446,0.0,0.15538031764444446
9,0.2608745973749755,0.4285796956874598,0.598543648787899,0.4884357706701617,456.1753646892345,0.1550036722,0.0,0.1550036722
9,0.7483314773547883,0.7483314773547883,0.4435556572722803,0.46059089791186675,142.05312509535338,0.18474894004444445,0.0,0.18474894004444445
9,0.756978119245116,0.6772962119561564,0.6030046439807527,0.5291124613082733,324.5564856150047,0.16401774177777775,0.0,0.16401774177777775
9,0.6894542930624352,0.4844813951249545,0.44571814444017155,0.1339494990732598,349.08676340649583,0.12049990632222222,0.0,0.12049990632222222
9,0.5962847939999439,0.8385254915624212,0.3222264619514623,0.5084915232943437,647.5042052967606,0.14919853827777776,0.0,0.14919853827777776
9,-0.09128709291752768,0.09128709291752768,0.08210040814082586,0.2595128624208925,201.626308172551,0.1564490236777778,0.0,0.1564490236777778
9,0.49807890526522647,0.36926539528284036,0.7422841239512372,0.7307781768175279,555.2394612181237,0.11883806605555557,0.0,0.11883806605555557
9,0.7080881928749334,0.4099457958749615,0.6645668989508813,0.5117901650582604,185.86635838159202,0.12944081356666667,0.0,0.12944081356666667
9,-0.4290493367123801,0.054772255750516606,-0.1610247184595289,0.43883956306501587,401.0244210441006,0.1783284797777778,0.0,0.1783284797777778
9,0.46987149389936483,0.3394638275806278,0.13156581617509103,0.05411295726024692,260.2491345096848,0.18220781072222222,0.0,0.18220781072222222
9,0.7538191051195527,0.8404649792712253,0.4574563361510949,0.3683777875940268,292.0939258293417,0.14860832931111112,0.0,0.14860832931111112
9,0.7514691493021795,0.5968834402710812,0.8206951843562471,0.9255162419450422,417.6945019787061,0.10180774128888889,0.0,0.10180774128888889
9,0.5533985905294664,0.6588078458684123,0.6751104437355944,0.7525977913550307,631.5251504501994,0.18418988206666664,0.0,0.18418988206666664
9,0.7905694150420948,0.7905694150420948,-0.17349131347056818,-0.27671385722109265,169.6584776548758,0.16108641306666666,0.0,0.16108641306666666
7,0.0,0.2834733547569205,0.6119938843654551,0.4446438434184266,228.4213662892175,0.17013764645714285,0.0,0.17013764645714285
9,0.49582091295544495,0.6555622813752364,0.3973235230436167,0.5521400779314205,175.9862685918421,0.12258195408888889,0.0,0.12258195408888889
9,0.7378647873726218,0.8432740427115677,0.6710867203553516,0.5580274626113275,345.21748901441504,0.15438202325555556,0.0,0.15438202325555556
6,0.1343433226559697,-0.029424494316824982,0.5980861495026489,0.09175287411464438,226.0017652264461,0.1408917095,0.0,0.1408917095
9,0.8207826816681232,0.8207826816681232,0.4076374913851927,0.5718359107036008,130.85887488968902,0.16781527601111113,0.0,0.16781527601111113
9,0.8191461869910418,0.6561273844720155,0.6788223739333376,0.5949263732167056,209.87155628003626,0.1576436073111111,0.0,0.1576436073111111
9,-0.06994974167826688,0.1136683302271837,0.04974368432439922,0.12166786559898776,320.1502011004991,0.16444374935555556,0.0,0.16444374935555556
9,-0.28975251230519367,-0.2885426844228509,-0.07952786114328296,-0.059021317792735395,90.69870049501965,0.13777542823333333,0.0,0.13777542823333333
9,0.24325638628366394,0.33541019662496846,0.499345151440102,0.4562701147674393,392.734377958022,0.18368047566666668,0.0,0.18368047566666668
9,0.5674615217055269,0.7536598335151529,0.3682106704403916,0.40584314206681754,89.74978729485164,0.12861241465555553,0.0,0.12861241465555553
9,0.37416573867739417,0.7483314773547883,0.7787846634779747,0.7692786666082886,139.93054615253578,0.11961051862222222,0.0,0.11961051862222222
9,0.5345224838248488,0.05345224838248488,0.27157711360584824,-0.0033360187883118334,108.06577018522613,0.13019270945555556,0.0,0.13019270945555556
9,0.6274950199005567,0.48805168214487743,0.8401115547898395,0.48184280405129587,120.63477615859782,0.1336784721777778,0.0,0.1336784721777778
9,0.7211680340484687,0.5294651389216606,0.17990155197675128,0.17502989133346733,330.65079780629134,0.11516632784444446,0.0,0.11516632784444446
9,0.7523841248624463,0.6497862896539309,0.19242399015291173,0.21705629787582145,250.1648081395598,0.14741780314444444,0.0,0.14741780314444444
9,0.5790660241435862,0.22271770159368698,0.739872460853258,0.7372080035531879,100.21192795194094,0.13108466463333335,0.0,0.13108466463333335
9,0.32962219835865675,0.45434411125112145,0.24223048540452521,0.1801874269902056,130.34150616022234,0.1900412002222222,0.0,0.1900412002222222
9,0.41239304942116134,0.4948716593053935,0.14621377702714067,0.15740591721175862,120.07835837941174,0.1482808769777778,0.0,0.1482808769777778
9,0.9124982527240751,0.9354143466934853,0.472481096901783,0.46254342382104596,482.0882755101782,0.16788590921111113,0.0,0.16788590921111113
9,0.7780335836645751,0.7010852072581886,0.1061525436369695,0.12735269945818475,75.64972296684422,0.14133825991111112,0.0,0.14133825991111112
9,0.6454972243679028,0.5809475019311126,0.7478775473537811,0.7919259381328875,169.353413061206,0.19336337737777776,0.0,0.19336337737777776
9,0.3118047822311618,0.37416573867739417,0.6511681301049058,0.5991832008849942,300.6431260971918,0.16935651743333333,0.0,0.16935651743333333
9,0.6498440561375455,0.7191607554588837,0.6150757470252466,0.6441637346038558,1441.9384460604413,0.15431692863333335,0.0,0.15431692863333335
8,-0.07412493166611013,-0.012354155277685021,0.7738641844905931,0.7243322415492943,119.95170958690001,0.1288132138125,0.0,0.1288132138125
9,0.5020790110464023,0.6207522318391883,0.24383002766522735,0.31005643402451905,226.3902088955152,0.1465466949222222,0.0,0.1465466949222222
8,0.14824986333222026,0.14824986333222026,0.5931589669602108,0.6673514672802022,530.3307897803758,0.14945876198750002,0.0,0.14945876198750002
9,0.11227217828476799,0.14907119849998599,-0.17728699843781096,-0.33472615533199584,197.07735110900265,0.14330469890000003,0.0,0.14330469890000003
9,0.41286141192238524,0.41286141192238524,0.6198757611328635,0.7158637791136302,284.9243203838409,0.11739069352222223,0.0,0.11739069352222223
9,0.5378528742004772,0.48805168214487743,0.3071745858922114,0.6228301669560793,257.57688517474793,0.12821235745555554,0.0,0.12821235745555554
9,0.5733608010270435,0.5006939628599933,0.6428303521003127,0.609376606555746,293.531764497404,0.1577812562,0.0,0.1577812562
9,0.665389274506537,0.6839855680567695,0.325358818359757,0.41357382188274605,164.89453922920703,0.14587755862222224,0.0,0.14587755862222224
9,0.10397504898200727,-0.11263963639717454,-0.2880437602729339,-0.20870816243979515,805.4719118436113,0.12561306988888893,0.0,0.12561306988888893
9,0.2958311807705326,0.5285398323252036,0.84944294357506,0.7826270202000414,599.1129825024349,0.13811198399999997,0.0,0.13811198399999997
9,0.8501691658837487,0.8415815985515896,0.21094903994517336,0.5780034269471954,137.9539218454159,0.16720799523333335,0.0,0.16720799523333335
9,0.451848057057532,0.451848057057532,0.3554655527532775,0.6045649772817627,629.9605357039547,0.16219689415555552,0.0,0.16219689415555552
9,0.4468385775317488,0.5137830903923016,0.5362600601476875,0.7353074666801188,112.56544971369944,0.13610959087777774,0.0,0.13610959087777774
8,0.524851373691121,0.5646829085612719,-0.35756970633185525,-0.31417015360751116,387.4560894799894,0.077335744825,0.0,0.077335744825
9,0.5568586932151202,0.40723560851286184,0.3598531677265024,0.8219168281749368,179.51028932792946,0.15875349401111113,0.0,0.15875349401111113
8,-0.044964272186146924,0.5235796803447669,-0.10295827724550993,0.12974083031638842,297.1663238463268,0.11715258395,0.0,0.11715258395
9,0.41286141192238524,0.3853373177942262,-0.1324462488698868,-0.12004388519703804,431.614725927842,0.18420044507777777,0.0,0.18420044507777777
9,0.6928203230275508,0.4330127018922193,0.20981460938359353,0.5505510210199531,209.3569492166535,0.15171076465555558,0.0,0.15171076465555558
9,-0.017329174830334543,0.025993762245501817,-0.12570570834738679,-0.11814906090302824,344.47732052919116,0.17774658963333334,0.0,0.17774658963333334
9,0.47879565893903836,-0.062066103936542,0.22587152487114526,0.394364951605972,106.73194785842136,0.19937882512222227,0.0,0.19937882512222227
9,0.43920523057894156,0.48312575363683574,0.30598761348655384,0.18420122587967908,212.3805036679241,0.21698008451111114,0.0,0.21698008451111114
9,0.320844473959874,-0.09128709291752768,0.055068574712353095,-0.41385661865961737,1040.7072418623002,0.18395059832222224,0.0,0.18395059832222224
8,0.057811207096474616,0.06385118052984962,-0.3587886989861352,-0.37574075403772145,196.33656519481866,0.22366266917500002,0.0,0.22366266917500002
9,0.47527082062880366,0.47527082062880366,0.12797783387481765,0.10234711912544801,378.7371027220403,0.11548281270000002,0.0,0.11548281270000002
9,0.6915937295786109,0.6561273844720155,0.3072213763921356,0.3228009800578122,100.63860818994864,0.14816246008888886,0.0,0.14816246008888886
9,0.6972166887783964,0.5378528742004772,0.6183103858671216,0.4664734435655114,576.5506331442158,0.18457651706666667,0.0,0.18457651706666667
9,0.5345224838248488,0.5612486080160912,0.5448539851101132,0.6673394897750827,665.7190762293205,0.13244113370000002,0.0,0.13244113370000002
9,0.6986670116874985,0.08660254037844385,0.14946460824832533,0.5701410668426746,229.74330803032893,0.15685771664444445,0.0,0.15685771664444445
9,0.6120602396848354,0.3497487083913345,-0.08520543875831474,0.34556557193332466,1171.5475391393225,0.1718547619,0.0,0.1718547619
8,0.3024215695755183,0.20619652471058067,-0.3683911906443568,-0.006294603434822832,225.07407516705476,0.13894831605,0.0,0.13894831605
9,0.3793002222178903,0.5621826951410451,-0.3328539407783069,0.16617400939771845,319.77969129283935,0.16244640715555553,0.0,0.16244640715555553
9,0.2788866755113585,0.8366600265340756,0.7219631793028549,0.33312272318624164,319.39734448658584,0.11120383326666665,0.0,0.11120383326666665
9,-0.056136089142383994,-0.07453559924999299,0.07699598602474711,-0.3928011934412607,267.2282759754196,0.07591162563333333,0.0,0.07591162563333333
9,0.6472607981953666,0.6029278668121223,0.6503712539251554,0.4495093944461227,1023.308847025983,0.18533612223333334,0.0,0.18533612223333334
9,0.4403855060505442,0.7706746355884524,0.5043269830112463,0.7019660502336073,306.42074484149964,0.1514684875222222,0.0,0.1514684875222222
9,0.4623490922926591,0.1584236068762679,-0.7996179073884636,-0.42434885947678863,288.5844120031867,0.12619612356666665,0.0,0.12619612356666665
8,0.5462453773163064,0.12371791482634838,-0.11087539245998689,-0.27599985808912453,124.07984624533395,0.14954676763750002,0.0,0.14954676763750002
9,0.772673366147183,0.5421104980065684,0.01936729968715528,0.1761525736251729,248.57404386854734,0.1529988635777778,0.0,0.1529988635777778
9,-0.051971919650642774,-0.10350983390135313,-0.4252823771563957,-0.4128884045214143,176.0262576610952,0.13648326436666666,0.0,0.13648326436666666
9,0.7432160053315857,0.9530652303663865,0.3082849797316642,0.5023404960441537,136.70350862463258,0.14634923338888886,0.0,0.14634923338888886
9,0.24040159835606664,0.1950648980862749,0.3746992325125455,0.4610361076017367,426.35805021033894,0.1458852476222222,0.0,0.1458852476222222
9,0.821909464719636,0.7607034407511525,0.7525424289927816,0.8309568915406128,327.7059503415083,0.14166831407777777,0.0,0.14166831407777777
9,0.6034624088315371,0.32111443149518853,0.6801039274028043,0.6396471960791436,313.1061899886083,0.10705196907777777,0.0,0.10705196907777777
9,0.3946141647014852,0.037267799624996496,0.6240095982292416,0.14705479950131373,318.4063140098216,0.14575005642222222,0.0,0.14575005642222222
9,0.5973191135873606,0.5533985905294664,0.744762484018583,0.6690363091343435,451.51051242464996,0.18037026726666666,0.0,0.18037026726666666
9,-0.32791192541796277,-0.16035674514745463,0.21682686306760282,-0.06794622333858427,270.9856103052265,0.11241677882222222,0.0,0.11241677882222222
9,0.3812632098959009,0.6649939707486644,0.1880333735508602,-0.1299209493340792,169.80582936883462,0.13823320334444444,0.0,0.13823320334444444
9,0.8473065890136724,0.7432160053315857,0.7225173002758987,0.6352400757722253,1114.3072095629755,0.10990797746666667,0.0,0.10990797746666667
9,0.6483387519305799,0.6061032181989393,0.6319872378811923,0.6235145797295661,204.04200618202435,0.10060543877777778,0.0,0.10060543877777778
9,0.8891812384738003,0.9062808776752194,0.7404107963941805,0.6698058770203636,240.13967208569358,0.17562788211111113,0.0,0.17562788211111113
8,0.46945790055203074,0.7165410061057312,0.6871986047588012,0.7946227047308276,401.4448027828392,0.1693185391375,0.0,0.1693185391375
9,0.6931669932133818,0.8751233289318945,0.453931469066677,0.5318124343094693,1490.539869394483,0.1475918597111111,0.0,0.1475918597111111
9,0.5712163259168749,0.5504818825631803,0.2033143796221434,0.3588756790280174,590.5422802632679,0.11506863508888888,0.0,0.11506863508888888
9,-0.009942991232100195,-0.14852213144650114,-0.38623183725253823,0.12941822235458839,285.73727771243426,0.08650207726666664,0.0,0.08650207726666664
8,0.8939165274178947,0.664052277510436,0.47110929792726286,0.28085922771699373,258.57108505585313,0.14042475906250002,0.0,0.14042475906250002
8,0.8010018789148143,0.8760958050630782,0.1902516665877309,0.28227600404350456,167.1552660800965,0.1432040130875,0.0,0.1432040130875
8,0.25540472211939846,0.42141779149700753,-0.3625977691505185,-0.31258095922399903,987.1542024869478,0.11211040729999999,0.0,0.11211040729999999
9,0.41640490082021986,0.25649458802128855,-0.17063283115678748,-0.30027271098056973,332.14930813543566,0.11280940454444445,0.0,0.11280940454444445
9,0.7377111135633175,0.5993902797701954,0.22698122604988838,0.08015526998763192,372.8974052572417,0.1634909057888889,0.0,0.1634909057888889
9,0.7127680885692035,0.7986437618907942,-0.12561151706076382,-0.10045590514884704,162.31254464174202,0.12103818268888888,0.0,0.12103818268888888
7,0.3051080285585896,0.5291502622129182,0.2510225329601452,0.668550377576487,87.36139316897804,0.12217100578571428,0.0,0.12217100578571428
9,,,0.1379019664584995,0.1779504459845497,231.12450810540648,0.15047096228888887,0.0,0.15047096228888887
9,0.43643578047198484,0.43643578047198484,0.19253547170805904,0.2776898123199255,215.69369891804004,0.1320160031111111,0.0,0.1320160031111111
9,-0.30382181012509996,0.4135352415591639,0.06745341642973007,-0.12017616496358677,323.92482659812447,0.11592800726666669,0.0,0.11592800726666669
9,0.280056016805602,0.35856858280031806,0.2445718394559001,0.13931193444361564,197.78239994785798,0.12497500162222219,0.0,0.12497500162222219
8,0.7236272269866326,0.6573757351339166,0.4672764731042116,0.5902303761811356,309.75959499786745,0.142902921625,0.0,0.142902921625
9,0.37616261975150656,0.8807710121010884,0.09402758429275192,0.21212888474238073,415.613571031694,0.11593972563333334,0.0,0.11593972563333334
7,0.21105794120443452,0.45817096691151754,0.7384405729586992,0.7379402769391697,891.2977816006647,0.11389590432857143,0.0,0.11389590432857143
9,0.23084512921915967,0.18809603121561158,-0.06314644959519322,-0.10320137260395677,720.0190167441745,0.15082262315555556,0.0,0.15082262315555556
9,0.7091247421411296,0.76248369253472,0.831051648068658,0.7554418659148568,277.9531865736287,0.18360308625555552,0.0,0.18360308625555552
9,0.66717323096788,0.5372044197403709,0.6875432466775365,0.46556129503081367,254.1847309647356,0.15405565061111112,0.0,0.15405565061111112
9,0.30316953129541624,0.24152294576982394,0.349526451423502,0.4452128022227607,374.947976983368,0.15966438688888887,0.0,0.15966438688888887
9,0.6124866614525636,0.496528831492336,-0.28253028035904365,-0.3649246898891188,274.2609672381464,0.15324340413333334,0.0,0.15324340413333334
9,0.8165481258020508,0.7248011453748541,0.5064197087373548,0.4211908696770038,223.04990375506466,0.14927151841111114,0.0,0.14927151841111114
9,0.5270462766947299,0.3952847075210474,-0.1702430213627255,-0.1641192279544203,234.88603133473052,0.18417270488888884,0.0,0.18417270488888884
9,0.36353003734260314,0.2748641745761146,0.5417874869495806,0.6275888687365241,593.8855784391034,0.20041071655555556,0.0,0.20041071655555556
9,0.5533985905294664,0.5533985905294664,0.0023001269855622525,-0.0012155918590303638,180.9110039669951,0.1677749940111111,0.0,0.1677749940111111
8,0.13571284123340419,0.332026138755218,0.9218983653833882,0.7595582995992961,225.66661516576323,0.11037510375,0.0,0.11037510375
9,0.9437988676201134,0.9398581453247788,0.6498633444665821,0.5695127244691498,352.8626622056378,0.18757219633333333,0.0,0.18757219633333333
9,0.20701966780270625,0.20701966780270625,-0.1808530059466117,-0.1690763260276943,129.69903706406336,0.15378290873333336,0.0,0.15378290873333336
9,0.7233167028341163,0.7115124735378854,-0.13911381102175688,-0.21518265926505323,335.458834000509,0.1501049777,0.0,0.1501049777
9,0.6015509695420618,0.5643840994967044,0.40520499192034715,0.5848094938359742,177.77607491753494,0.1630867348,0.0,0.1630867348
9,0.4919098582484145,0.5797509043642028,0.1733472095212457,-0.09373135044432732,170.1797262780808,0.38454363579999995,0.0,0.38454363579999995
9,0.5797509043642028,0.7378647873726218,0.579825695235964,0.7789842349044663,306.8137684621926,0.15829443299999998,0.0,0.15829443299999998
8,0.4637130167514838,0.6273764344284781,0.8314434090643321,0.5654008275571634,220.28200223441345,0.14416983902499997,0.0,0.14416983902499997
9,0.8432740427115677,0.8432740427115677,0.5048926064581882,0.4354175089688756,713.1921137725594,0.1544719271888889,0.0,0.1544719271888889
9,0.8732726046411892,0.6851601597031488,0.5941704560641409,0.6458179936454285,462.07117749687234,0.19358239722222223,0.0,0.19358239722222223
9,0.8714453079021097,0.7010852072581886,-0.18344540588198158,-0.4474170370011956,251.32635711328,0.16144355636666663,0.0,0.16144355636666663
9,0.7248011453748541,0.22936745106799178,0.31597720155892267,0.12453371596207584,246.39912399721908,0.1675351438888889,0.0,0.1675351438888889
9,0.35856858280031806,0.2788866755113585,0.6356352127197772,0.6152070694834566,336.63571734079176,0.16820655602222223,0.0,0.16820655602222223
8,0.6257415691925263,0.8556058190999849,0.5859881075298294,0.49870700546798075,142.03069716863524,0.14940576926250002,0.0,0.14940576926250002
8,0.8647908694379515,0.7906659377718414,0.4487675407627379,0.32005621585782623,206.68248355550463,0.180402307975,0.0,0.180402307975
9,0.9486832980505139,0.8696263565463043,0.8156170089226269,0.8448753344261344,959.4436392381187,0.17507623762222224,0.0,0.17507623762222224
9,0.6441164136875823,0.4899789435061114,0.5441449766142747,0.5064448010895861,352.1191882116622,0.15024024474444447,0.0,0.15024024474444447
9,0.6772962119561564,0.5179323973782373,0.33296503344115375,0.3329800678548177,206.80331096086204,0.1641302543888889,0.0,0.1641302543888889
9,0.5533985905294664,0.3689323936863109,0.689551512697146,0.5835920487673417,303.9695026777596,0.1546065707,0.0,0.1546065707
9,0.8215838362577492,0.8215838362577492,0.06419820779505317,0.246667459483592,425.7724701260261,0.1391999857777778,0.0,0.1391999857777778
9,0.34401648061622603,0.3689323936863109,-0.5819046397370544,-0.3316912663683032,142.46183578009683,0.13707150683333336,0.0,0.13707150683333336
8,0.944911182523068,0.944911182523068,0.40611587674657584,0.22144588739011611,89.70278705015245,0.11981584005,0.0,0.11981584005
8,0.4597284998149172,0.39587731928506764,0.382563326362105,0.6122891327640555,136.36091619129664,0.15451311955,0.0,0.15451311955
8,0.7715167498104596,0.6943650748294136,0.48389458077436925,0.34231566518175627,119.30973744148268,0.13990998905000002,0.0,0.13990998905000002
9,0.12824729401064427,0.2051956704170308,0.30031590869670566,0.30519143584372654,181.26480391886463,0.10368811705555554,0.0,0.10368811705555554
9,0.06454972243679027,0.19364916731037085,0.3958770250586767,0.46953160586583365,284.12965292580583,0.13461335867777777,0.0,0.13461335867777777
9,0.8844639885164515,0.7890240316738918,0.206597236336188,0.46520170589408977,433.09290637483315,0.11259006958888891,0.0,0.11259006958888891
9,0.7798128673650545,0.7278253428740509,0.5764744799447424,0.5944482115150812,310.5537034395581,0.17711251895555552,0.0,0.17711251895555552
5,0.7378647873726218,0.7905694150420949,0.4187892308190305,0.5671177016875312,1532.639264021929,0.11569109520000001,0.0,0.11569109520000001
9,0.6390096504226938,0.3651483716701107,-0.2345646460414297,0.03020592144376248,168.3778388031128,0.11025050769999999,0.0,0.11025050769999999
7,0.7084472691787521,0.819688599970537,0.1637156048652811,0.27551002234168487,212.79776614325183,0.14131166462857142,0.0,0.14131166462857142
9,0.09128709291752768,0.2738612787525831,0.4486624379575473,0.2888653074296952,512.4207555034114,0.1065128192111111,0.0,0.1065128192111111
9,0.511210657494869,0.38990643368252725,0.7750278969135014,0.6304619545937151,156.14289040393547,0.14177736298888888,0.0,0.14177736298888888
7,0.8563488385776753,0.8486684247915056,0.48507955265809316,0.537108562551457,527.8119940391181,0.08250796732857144,0.0,0.08250796732857144
7,0.7297691588509918,0.8233293074216318,0.035990926173733694,-0.1351107795326094,571.8861135823677,0.15117018855714287,0.0,0.15117018855714287
4,0.0,0.7745966692414834,0.3799955645034289,0.6906518713193839,315.3159665612204,0.1111111111,0.0,0.1111111111
9,0.2581988897471611,0.24897750082761969,0.01811543013150994,0.12014264811732782,191.4300084040255,0.15238820943333334,0.0,0.15238820943333334
7,0.8320502943378437,0.8017837257372733,0.6147544963206932,0.691672160060525,382.5889244361965,0.19999999999999998,0.0,0.19999999999999998
9,0.3162277660168379,0.2898754521821014,0.3435751487425891,0.3614298014536916,2449.582350006724,0.1372022544888889,0.0,0.1372022544888889
9,0.6786715323559277,0.8318003918560581,0.25910856995762194,0.3047992165237053,137.39252703434238,0.12979318932222222,0.0,0.12979318932222222
8,0.6997157779998369,0.6383372009823073,0.7337705969192432,0.7488108877869459,640.455912283928,0.15143500211250002,0.0,0.15143500211250002
8,0.24743582965269675,0.08247860988423225,0.505221145705071,0.6568950840202213,313.2411467136815,0.146072106625,0.0,0.146072106625
6,0.0,0.09759000729485333,0.3713337668252201,0.5168570296905203,770.5315647199579,0.12180814354999998,0.0,0.12180814354999998
8,0.6073733934116561,0.6546536707079772,0.6991916922469369,0.5781956939915498,886.4503715227918,0.163195173075,0.0,0.163195173075
7,0.40089186286863665,0.1336306209562122,-0.4101910280608346,-0.2575457000136746,1526.1890388941501,0.25599502292857146,0.0,0.25599502292857146
7,0.3585685828003181,0.2988071523335984,-0.03471111790221484,0.09878200420884728,748.9547319446283,0.16172151614285712,0.0,0.16172151614285712
6,0.956182887467515,0.4780914437337575,0.7718169031599507,0.6294022487158795,970.4890635132735,0.14186332713333333,0.0,0.14186332713333333
8,0.6343350474165467,0.8539125638299666,0.5458551404022719,0.662854119577739,173.0660860950604,0.1002967682,0.0,0.1002967682
5,0.7631578947368421,0.6668859288553503,0.9597462074772445,0.984194380594798,301.7126596077549,0.10521739132,0.0,0.10521739132
7,0.6362090102803518,0.6362090102803518,0.9418075741972272,0.8983337731801545,316.5092630858903,0.1702694584,0.0,0.1702694584
9,0.8040844011283461,0.6588078458684123,0.501090722939806,0.4891187691543761,291.7147993625528,0.15957498853333335,0.0,0.15957498853333335
9,0.6620085362900152,0.6147008563985761,0.4056944169894701,0.33020538111856096,715.3052022990815,0.16798818095555557,0.0,0.16798818095555557
9,0.39131189606246325,0.0,0.43859982299950573,0.1525695040960272,257.85231951975925,0.11936041996666666,0.0,0.11936041996666666
9,0.3529447896910005,0.8318003918560581,0.612052972236578,0.7725195574560545,349.5840751364974,0.13040426006666667,0.0,0.13040426006666667
9,0.8131657470098527,0.7519597230413692,0.6548925152244166,0.6067294751214564,1204.2891185907436,0.18788659446666667,0.0,0.18788659446666667
6,0.1690308509457033,-0.1690308509457033,0.6647441068092822,0.4257632439480831,73.34846242431172,0.15431764785,0.0,0.15431764785
9,0.1651445647689541,0.13762047064079508,0.6110180944102533,0.5218911591882335,954.3965369395029,0.11315272162222222,0.0,0.11315272162222222
6,0.4918693768379647,0.9258200997725515,0.8883227311951857,0.7879197197254884,4803.852708293089,0.1666666667,0.0,0.1666666667
6,0.8451542547285165,0.3380617018914066,0.6671558264316436,0.40674747185063287,527.7587057884238,0.15365006725,0.0,0.15365006725
9,0.4099457958749615,0.7267220926874317,0.8728042958437584,0.6205072355901265,129.5343582275128,0.12297722962222224,0.0,0.12297722962222224
7,0.5426488617097118,0.9168894559922718,-0.3465700321380755,-0.34518127024773354,1016.5356574044051,0.2641284085,0.0,0.2641284085
6,0.5408987230262506,0.7775419143502353,0.8183501330609535,0.8630892507670366,739.0098034693856,0.13925997031666668,0.0,0.13925997031666668
6,0.8783100656536799,0.4879500364742666,0.7197409408251452,0.55332344831762,132.9951738533044,0.23066840090000004,0.0,0.23066840090000004
5,0.7254762501100117,0.35355339059327373,0.8064543039027711,-0.5418200086519914,223.2001562824901,0.00392156862,0.0,0.00392156862
9,0.7169848522022356,0.699497416782669,0.2584785198847788,0.3522640544317678,61.0179020354068,0.15286763577777776,0.0,0.15286763577777776
8,0.5868455973269636,0.6390096504226939,0.6616852863194637,0.5137745928113785,2301.8551416023183,0.22747254009999998,0.0,0.22747254009999998
9,0.7407528467914646,0.23763541031440183,0.4522222416766394,0.4694062359814542,457.16786380619016,0.13624111631111113,0.0,0.13624111631111113
8,0.5344192682516725,0.037062465833055065,0.4770071441974892,0.3964267628300036,552.3499090749435,0.1308555608375,0.0,0.1308555608375
9,0.7134453288712006,0.35601966237835797,0.33960843117150613,-0.09696856324648538,180.3174747612457,0.13376494835555555,0.0,0.13376494835555555
8,0.5235796803447669,0.676822513616406,0.5150129005873065,0.6750119137668277,229.73947460439214,0.1411293607,0.0,0.1411293607
9,0.4350458540743126,0.6065211190617091,-0.41993035599123046,-0.6401142494298516,254.00296156720682,0.11816655788888888,0.0,0.11816655788888888
8,0.1543033499620919,0.0,0.40177974509337205,0.4229572884424364,203.1388072599721,0.156027872575,0.0,0.156027872575
9,0.12910456208010984,0.30146393340606115,0.2606361662963126,0.22681261030315705,154.13082278556416,0.0864374311,0.0,0.0864374311
9,0.47855043948174386,0.76248369253472,0.20065510427192929,0.41312213538379194,165.5548450640603,0.13271965559999999,0.0,0.13271965559999999
9,0.24224069756247724,0.46584749531245623,0.196179959322961,0.4725612873829276,137.11440119681995,0.15389985953333332,0.0,0.15389985953333332
9,0.8432740427115677,0.4919098582484145,-0.13331062757674406,0.19809197004571996,82.93066143620291,0.1164775645111111,0.0,0.1164775645111111
9,0.25928148942086576,0.2581988897471611,-0.34487926839067923,-0.44022992884618073,161.06689569948878,0.12064327453333333,0.0,0.12064327453333333
9,0.7484811885651199,0.6708203932499369,0.5384109088477999,0.45410908015493534,282.3642745267804,0.1062547164,0.0,0.1062547164
8,0.830065346888045,0.5235796803447669,0.026816961813318444,-0.016691409677657622,133.52912089315882,0.154712450925,0.0,0.154712450925
9,0.19364916731037085,0.6454972243679028,0.4185339242735484,0.6471637358133919,142.11568513702525,0.2780419738,0.0,0.2780419738
9,0.521749194749951,0.4472135954999579,0.39999550205169576,0.46677188385863333,232.49170401938957,0.15363976802222223,0.0,0.15363976802222223
9,0.6514035610330967,0.47708429822142295,0.10816296391229782,0.31352457722059496,440.71929215351025,0.13739168087777778,0.0,0.13739168087777778
9,0.6633303362047024,0.7536598335151529,0.4745093889177777,0.4737672921825408,265.9699587394307,0.14553292084444444,0.0,0.14553292084444444
9,0.7018315806285491,0.7018315806285491,0.7945468470205755,0.76507538678721,414.3809366250727,0.1524115931444444,0.0,0.1524115931444444
8,-0.050062617432175896,0.0,-0.3097627135058713,0.5774410660384591,208.1398112309192,0.4007496012749999,0.0,0.4007496012749999
9,0.2761699499761719,0.5790660241435862,0.08392215865949877,-0.16090711590819687,354.6202214244338,0.11604017584444445,0.0,0.11604017584444445
9,0.11830409635025543,0.5612486080160912,-0.26398020806630895,0.4482720261511102,198.1392127623327,0.20199975639999998,0.0,0.20199975639999998
5,0.5797509043642028,-0.31622776601683794,-0.11154728794964221,0.46867395751693497,250.21667087004215,0.50515587494,0.0,0.50515587494
8,0.12009611535381536,0.6943650748294136,0.4558819159905455,0.7783627760294121,436.4088731403252,0.58996089525,0.0,0.58996089525
9,-0.46606331533576084,0.5312286769404558,-0.44228174077361365,0.8186382719828671,190.74829000989396,0.5657577943333334,0.0,0.5657577943333334
9,0.5976143046671969,0.557773351022717,0.6043267515277444,0.6062068710409415,214.30222276767282,0.3824847708,0.0,0.3824847708
9,0.6324555320336758,0.8959786703810407,0.6082513750468156,0.6388685981688823,397.1352063939654,0.0787271047111111,0.0,0.0787271047111111
9,0.7684172912043233,0.7010852072581886,0.3595500166103616,0.3399943362426403,216.07966642428437,0.16715616696666669,0.0,0.16715616696666669
8,0.8189230248533257,0.8189230248533257,-0.3556029291581304,-0.4300761086612398,379.90338101506336,0.1240756896625,0.0,0.1240756896625
9,0.7981987297166114,0.41286141192238524,0.7177957738505406,0.8602196824844849,195.0112526030242,0.1961069494222222,0.0,0.1961069494222222
9,0.8019923877383952,0.5152540399295447,0.3538263987419859,0.4089684071417171,112.18552776612945,0.13161538854444446,0.0,0.13161538854444446
9,0.9266240167384937,0.7986437618907942,0.6795561656787189,0.6196306372922538,90.07713935862294,0.11212749877777778,0.0,0.11212749877777778
9,0.6238794669049377,0.4036867138796656,0.3279957356344855,0.6402659839285316,129.87272078708875,0.13771324479999997,0.0,0.13771324479999997
9,-0.37416573867739417,-0.2494438257849294,0.27566778843534306,0.2933852690804636,122.93266839518292,0.14284515331111114,0.0,0.14284515331111114
7,0.18898223650461365,0.09449111825230683,-0.38441031665949305,-0.37404331590953654,106.40551824618426,0.12298735457142858,0.0,0.12298735457142858
9,0.5025460700797018,0.18195633571851272,0.48838905952560097,0.6407512570241429,182.27771667743323,0.10212839687777779,0.0,0.10212839687777779
9,0.6035379879380662,0.5215389956432867,0.8389155963215061,0.7973300737235725,536.5548287427121,0.09777494805555556,0.0,0.09777494805555556
8,0.788009048074417,0.5455447255899809,0.559825487512092,0.3394662893806981,89.18693483469347,0.14270064042499997,0.0,0.14270064042499997
5,0.05407380704358752,0.7905694150420949,0.5120277675878822,0.5529670988819942,335.47621735469556,0.12476190476,0.0,0.12476190476
7,0.8743828992755145,0.3585685828003181,0.8328062904465832,0.415735061767751,158.69709096212642,0.2359622678714286,0.0,0.2359622678714286
9,0.5797509043642028,0.7378647873726218,0.729631781836123,0.6423158251683786,161.69741596586957,0.10425068373333332,0.0,0.10425068373333332
7,0.9449111825230682,0.7937253933193774,0.8834609325118085,0.8898802437744505,244.82460359975298,0.15248875972857143,0.0,0.15248875972857143
7,0.8420413371357598,0.6549210399944798,0.7637187480826482,0.6224438979233706,555.8936538575175,0.21534510784285713,0.0,0.21534510784285713
5,0.8944271909999159,0.4472135954999579,0.25239085169196784,-0.07303619681684759,173.3201462548627,0.2,0.0,0.2
7,0.6660158219583182,0.610785564835303,0.39742421257297483,0.4818371183677247,230.9548033180209,0.21814013361428572,0.0,0.21814013361428572
8,0.8647908694379515,0.3582705030528656,0.1868993884584531,0.20922022052349942,300.0201695230208,0.1835883982,0.0,0.1835883982
9,0.7882488229591922,0.5339750091013882,0.368383789934586,0.2959674419013789,318.22007671576915,0.17143599971111112,0.0,0.17143599971111112
7,0.3587460832234465,0.7110571291368638,0.33435368881600613,0.6054124738188575,90.70220215510074,0.17560229795714286,0.0,0.17560229795714286
9,0.4089431028298539,0.6845024057982145,0.5748363087026132,0.7207917716704892,175.84991397640377,0.16524928363333335,0.0,0.16524928363333335
8,0.6943650748294136,0.6943650748294136,0.4141666776563022,0.45517745025797135,242.13357278313458,0.147698814975,0.0,0.147698814975
9,0.39840953644479793,0.42829025167815776,0.3638809078080086,0.38886925855497767,154.66950588252232,0.11342456305555558,0.0,0.11342456305555558
8,0.32602533184831317,-0.19561519910898792,0.8832184224956897,0.110793723077346,232.90152129499467,0.17629736074999997,0.0,0.17629736074999997
9,0.2479447684205789,0.09404801560780579,0.8337950664721716,0.6589923585100461,281.23114070272834,0.1430755918111111,0.0,0.1430755918111111
8,0.7572401854185358,0.668153104781061,-0.48328734811869256,-0.34975531744838484,221.13112872990374,0.1657920094,0.0,0.1657920094
7,-0.474341649025257,0.15811388300841894,0.1937802183850255,0.18350657356817893,852.9021268317675,0.20357926967142856,0.0,0.20357926967142856
8,0.45628146037762407,-0.13858697343671667,0.7287752485881048,0.8376783083667837,329.0815987489161,0.1385017439125,0.0,0.1385017439125
9,0.8660254037844386,0.6928203230275508,0.5332125049675097,0.599892937088057,133.39809462304717,0.1734359995111111,0.0,0.1734359995111111
7,0.20412414523193148,0.6123724356957946,0.3713188019570184,0.711350204155552,337.5848382300832,0.1604790106142857,0.0,0.1604790106142857
9,-0.5324163804222227,-0.20619652471058067,-0.3439945436639862,-0.2852985416291991,142.1597807881075,0.1417685452777778,0.0,0.1417685452777778
9,0.8720815992723809,0.39329170163264243,0.0305752175911835,-0.21948879038751956,158.05690578999634,0.1717916470111111,0.0,0.1717916470111111
9,0.8440722199302099,0.7523252395030131,0.5186333967827302,0.6183238076979317,276.31368922542754,0.1561116181,0.0,0.1561116181
9,0.15959855297967943,0.2925973471294123,0.19894291280762447,0.23472263204735072,136.78657354109276,0.11440369141111112,0.0,0.11440369141111112
9,-0.14166352295945628,0.33344296442767507,0.5629782653549208,0.2262334400175204,195.4568600779202,0.1019366524,0.0,0.1019366524
9,0.018633899812498248,0.20497289793748075,0.6613151042390569,0.5909939616108009,618.4726664823598,0.15305049823333333,0.0,0.15305049823333333
7,-0.7859052479933758,-0.05613608914238399,-0.5989848039817062,-0.126353764874486,88.4366209889508,0.2174942972714286,0.0,0.2174942972714286
7,0.8607533668498877,0.8981774262781438,0.16809880147610637,0.035864990885693566,103.91661055304553,0.1553188102714286,0.0,0.1553188102714286
9,0.7642171012073583,0.6324555320336758,-0.06130157454378662,0.1371280322437869,152.96612807489262,0.0970216567111111,0.0,0.0970216567111111
9,0.3872983346207417,0.3872983346207417,0.7276297167571378,0.6493257737872752,627.0168806030393,0.1400095863888889,0.0,0.1400095863888889
8,0.6831300510639734,0.8783100656536799,0.20604003867321297,-0.20191831879859512,178.2520370763744,0.172785692325,0.0,0.172785692325
9,0.29021474623196064,0.5413071845204606,0.6659729633342435,0.19269560822715404,96.6773875022766,0.1173230624333333,0.0,0.1173230624333333
9,0.867227382716513,0.6846531968814576,0.754933463971082,0.9245251682584995,192.2440072684979,0.11723667871111111,0.0,0.11723667871111111
9,0.6061032181989393,0.6588078458684123,0.7195558062311375,0.8715776429496802,161.00828222697118,0.13441497973333333,0.0,0.13441497973333333
9,0.8293325012688328,0.6754357484560598,0.6147117138593641,0.7226318504896523,341.8221845233344,0.15676437665555557,0.0,0.15676437665555557
9,0.8404649792712253,0.7364899302892182,0.6948040788995957,0.5857876559014119,808.8457844293389,0.17758188948888887,0.0,0.17758188948888887
9,0.13944333775567924,0.13944333775567924,0.41493599912696455,0.5020380753482276,191.1636283907483,0.15549027051111108,0.0,0.15549027051111108
4,0.0,0.0,-0.5128036808235916,0.5799440160072846,333.62991331519316,0.036549707575,0.0,0.036549707575
9,0.6238502938920436,0.7538191051195527,0.06721967501707936,0.38049416026236943,435.6054378875025,0.15261597787777778,0.0,0.15261597787777778
5,0.28867513459481287,0.8660254037844386,0.7110886106127018,-0.019003382790254052,419.9231436262212,0.09335625864,0.0,0.09335625864
9,0.9128709291752768,0.8946135105917714,0.6907022541678748,0.7558830829304741,171.50919610200043,0.1465164616111111,0.0,0.1465164616111111
9,0.45434411125112145,0.5612486080160912,-0.04800932774511355,0.052196231499221236,89.42565009890899,0.14910614155555554,0.0,0.14910614155555554
9,0.41743119266055045,0.6208039573946187,-0.14981702773225877,-0.15669156251513883,224.3398778535378,0.05315311069999999,0.0,0.05315311069999999
8,0.7906659377718414,0.6300619191619361,0.5388053720803806,0.5039934579302128,819.1216682963666,0.09523451533749999,0.0,0.09523451533749999
9,0.19599157740244458,0.23162640965743447,0.30621745194470346,0.14620939482603423,149.64239037360963,0.11731787622222223,0.0,0.11731787622222223
4,0.2581988897471611,0.2581988897471611,0.91688085758329,0.8702992342287454,303.69583174628855,0.06666666665000001,0.0,0.06666666665000001
5,0.6668859288553503,0.20519567041703085,0.502737575839246,0.8692168576812892,416.3439762127165,0.16887724544,0.0,0.16887724544
7,0.9543135154205278,0.7297691588509918,-0.04589122722805027,-0.00037407874313943315,501.301249341591,0.17680172934285715,0.0,0.17680172934285715
9,0.6708203932499369,0.07453559924999299,0.4057981851853207,-0.2699560998313807,142.3714710686459,0.1897652434,0.0,0.1897652434
9,0.8903762902076542,-0.4078629687258475,0.4378469851248838,-0.40819909160423645,307.0046619121379,0.13426167372222222,0.0,0.13426167372222222
7,0.7937253933193774,0.7937253933193774,0.20976486139819117,0.47323504151259727,285.1492736540193,0.11761528471428573,0.0,0.11761528471428573
8,0.4978438881870133,0.5773502691896258,0.5132724999288134,0.15383025444511636,423.3303668954322,0.277940783925,0.0,0.277940783925
5,0.22360679774997896,-0.22360679774997896,0.5414674103967999,0.42383113220104596,243.66999044464214,0.1666666667,0.0,0.1666666667
9,0.8468097984399411,0.9486832980505139,0.2299986000120229,0.3525828295283131,260.41777456743796,0.09274294373333332,0.0,0.09274294373333332
5,0.8651809126974003,0.05270462766947299,0.8376464941636815,-0.27381972285216444,762.6597218723807,0.19954715018,0.0,0.19954715018
9,0.08908708063747481,0.07126966450997983,0.7768831748904353,0.5687869930494249,1090.4666954813458,0.15057350692222218,0.0,0.15057350692222218
8,0.7637626158259734,0.8728715609439696,0.5729692697894615,0.5329801205055398,327.80011125024146,0.1173668575375,0.0,0.1173668575375
9,0.08257228238447704,0.1651445647689541,-0.057978826172347384,-0.022266402806982243,259.41789881361314,0.11486827974444444,0.0,0.11486827974444444
9,0.5175491695067657,0.4140393356054125,0.4772083730709599,0.4329678518888717,454.2024218902444,0.1348051736111111,0.0,0.1348051736111111
9,0.1404860665722151,0.08743717709783362,0.20696363872719997,0.14610400038336743,214.06714517012787,0.13267117043333332,0.0,0.13267117043333332
9,0.6043921368387115,0.4596785266097243,0.7339386395306476,0.687339348335957,722.0288015675571,0.15892831018888887,0.0,0.15892831018888887
6,0.35309393180189985,0.9710083124552246,0.7666946042816505,0.5454859279137261,483.9909156709938,0.2895263925166667,0.0,0.2895263925166667
8,0.3626133343782576,0.5065203663850858,0.7553251414813957,0.6874899747173621,586.0338349743638,0.1244132429875,0.0,0.1244132429875
7,0.4045199174779453,0.8017837257372733,0.31857803868966006,0.28570318304106124,767.2422091462355,0.10983454411428571,0.0,0.10983454411428571
9,0.5223032123987001,0.5976143046671969,-0.2531102380467271,0.3720153398447828,190.01606812422548,0.14373206294444443,0.0,0.14373206294444443
9,0.6174654780291237,0.5973191135873606,0.2656592446519021,0.40326223527097804,242.98501122735428,0.14740182686666667,0.0,0.14740182686666667
2,0.9999999999999999,0.9999999999999999,1.0,1.0,331.26043510280556,0.0,0.0,0.0
3,,,0.0962114935430479,0.4684227622816782,3940.6975823565313,0.0,0.0,0.0
9,-0.21783245945486837,0.009901475429766743,0.6621230977668112,0.5839054824840716,463.9729600253512,0.1502043520111111,0.0,0.1502043520111111
9,0.7402677030197949,0.7278253428740509,-0.29042738397200907,0.5839808789066345,675.6011008150409,0.15126036526666664,0.0,0.15126036526666664
8,-0.35921060405354976,-0.50709255283711,-0.617998142994782,-0.48429065657503007,740.0608412062975,0.165582191775,0.0,0.165582191775
9,0.6127946159842712,0.1643167672515498,0.28285750941047627,0.45016898358833657,829.5413701064033,0.24698462237777777,0.0,0.24698462237777777
5,0.5833333333333334,0.6324555320336759,-0.6732825594775524,-0.32143600574291437,186.33997567538478,0.04444444444,0.0,0.04444444444
9,0.496528831492336,0.806859351175046,0.3130488190540409,0.5023702519329661,220.5900449372363,0.13899583586666664,0.0,0.13899583586666664
9,0.04564354645876384,-0.38797014489949266,0.6567941444360151,0.6637196662712859,431.167452287606,0.2311233729777778,0.0,0.2311233729777778
9,0.8959786703810407,0.8432740427115677,0.5876571093964944,0.648173899391541,224.88151859561574,0.15729950515555555,0.0,0.15729950515555555
5,-0.1480872194397731,0.8660254037844386,0.2372931695424279,0.9036069585857286,1124.051032159594,0.5568530343399999,0.0,0.5568530343399999
8,0.8455943246644704,0.7637626158259734,-0.05426798170755035,0.24486686936242477,175.22478352852738,0.4993023904624999,0.0,0.4993023904624999
9,-0.07453559924999299,0.14907119849998599,0.8513074649242184,0.7617806630916311,380.32870624769765,0.1761008933777778,0.0,0.1761008933777778
8,0.873862897505303,-0.28867513459481287,0.6738889732785922,0.7527392304877105,1093.9514681468445,0.12686642551250002,0.0,0.12686642551250002
9,-0.10492461251740033,0.00874371770978336,0.30842666478033376,0.12268305946750745,106.01442837190186,0.2007477232888889,0.0,0.2007477232888889
8,0.04123930494211613,-0.16495721976846453,0.12113474443708787,0.18348311444563073,239.20858972778638,0.16408403000000002,0.0,0.16408403000000002
8,0.8556058190999849,0.6385118052984962,0.3471709778825054,0.20150521267468438,155.899115364337,0.135838474475,0.0,0.135838474475
9,0.47925723781702034,0.59336610396393,0.7389904665037645,0.5189650553563749,581.8465797426156,0.10238901222222223,0.0,0.10238901222222223
9,0.045643546458763846,0.0,0.4367483101819868,0.41498115329754154,199.48172664635226,0.1583977533,0.0,0.1583977533
5,0.8651809126974003,-0.5270462766947298,0.8315644009610891,0.1813364372126169,311.0294081062159,0.40511494252,0.0,0.40511494252
7,0.8017837257372733,0.668153104781061,-0.02498086464265222,0.15296470553244518,426.87081253460826,0.18049078587142858,0.0,0.18049078587142858
