hamlet,id,self_assessed_wealth
1,25,3.0
1,302,3.0
1,468,3.0
1,473,2.0
1,476,2.0
1,564,2.0
1,627,2.0
1,816,3.0
1,904,1.0
2,1,2.0
2,4,2.0
2,13,3.0
2,30,2.0
2,42,4.0
2,125,2.0
2,146,3.0
2,575,1.0
2,638,2.0
3,16,6.0
3,89,2.0
3,174,2.0
3,191,3.0
3,371,1.0
3,599,2.0
3,685,3.0
3,987,2.0
3,996,1.0
4,147,1.0
4,181,2.0
4,212,2.0
4,430,2.0
4,580,3.0
4,637,2.0
4,814,3.0
4,840,2.0
4,968,2.0
5,47,2.0
5,67,2.0
5,203,2.0
5,312,1.0
5,344,2.0
5,429,2.0
5,443,2.0
5,448,4.0
5,803,3.0
6,250,2.0
6,318,2.0
6,383,3.0
6,548,2.0
6,591,2.0
6,636,2.0
6,739,2.0
6,887,2.0
6,899,2.0
7,304,2.0
7,401,2.0
7,453,3.0
7,488,2.0
7,549,1.0
7,566,3.0
7,791,2.0
7,894,1.0
7,962,3.0
8,212,2.0
8,261,3.0
8,408,2.0
8,514,2.0
8,534,3.0
8,600,3.0
8,722,1.0
8,770,3.0
8,845,2.0
9,39,2.0
9,79,3.0
9,497,4.0
9,566,2.0
9,600,3.0
9,642,2.0
9,717,2.0
9,759,3.0
9,969,2.0
10,31,2.0
10,42,1.0
10,261,2.0
10,275,1.0
10,330,2.0
10,414,3.0
10,928,2.0
10,931,2.0
10,977,2.0
11,55,3.0
11,104,3.0
11,159,1.0
11,179,1.0
11,216,2.0
11,450,1.0
11,484,2.0
11,800,2.0
11,864,3.0
12,131,2.0
12,243,2.0
12,296,3.0
12,315,1.0
12,423,1.0
12,561,1.0
12,776,2.0
12,801,2.0
12,943,1.0
13,97,2.0
13,98,2.0
13,289,3.0
13,319,3.0
13,360,3.0
13,845,2.0
13,888,1.0
13,940,2.0
13,996,2.0
14,127,2.0
14,138,2.0
14,260,1.0
14,263,3.0
14,327,3.0
14,496,3.0
14,555,3.0
14,913,2.0
14,997,2.0
15,41,4.0
15,111,1.0
15,192,2.0
15,495,1.0
15,572,1.0
15,612,3.0
15,718,4.0
15,819,1.0
15,998,3.0
16,76,3.0
16,124,3.0
16,253,1.0
16,295,1.0
16,388,1.0
16,419,3.0
16,542,1.0
16,763,1.0
16,897,1.0
17,113,3.0
17,248,2.0
17,408,1.0
17,488,2.0
17,666,2.0
17,709,2.0
17,718,3.0
17,732,2.0
17,834,2.0
18,71,3.0
18,94,3.0
18,222,3.0
18,381,3.0
18,389,3.0
18,431,2.0
18,638,4.0
18,929,3.0
18,975,3.0
19,43,1.0
19,157,3.0
19,318,3.0
19,391,2.0
19,406,3.0
19,570,2.0
19,778,3.0
19,831,2.0
19,884,3.0
20,92,3.0
20,272,2.0
20,426,2.0
20,646,3.0
20,674,2.0
20,712,2.0
20,818,2.0
20,896,2.0
20,975,3.0
21,240,3.0
21,549,2.0
21,600,2.0
21,704,2.0
21,705,3.0
21,871,2.0
21,905,2.0
21,917,2.0
21,994,3.0
22,40,2.0
22,141,2.0
22,153,2.0
22,252,1.0
22,480,1.0
22,631,2.0
22,846,2.0
22,853,1.0
22,871,2.0
23,23,3.0
23,74,3.0
23,195,3.0
23,260,3.0
23,617,2.0
23,640,2.0
23,759,1.0
23,779,1.0
23,886,3.0
24,40,2.0
24,67,2.0
24,228,2.0
24,370,2.0
24,464,2.0
24,649,3.0
24,735,2.0
24,853,1.0
24,967,2.0
25,100,3.0
25,173,2.0
25,229,2.0
25,294,2.0
25,709,2.0
25,719,2.0
25,854,3.0
25,882,2.0
25,940,2.0
26,46,4.0
26,47,3.0
26,158,2.0
26,282,2.0
26,356,2.0
26,409,1.0
26,434,2.0
26,461,2.0
26,835,3.0
27,53,2.0
27,215,2.0
27,240,2.0
27,388,2.0
27,491,2.0
27,592,1.0
27,740,3.0
27,774,2.0
27,951,2.0
28,200,4.0
28,392,2.0
28,398,1.0
28,407,2.0
28,539,2.0
28,563,4.0
28,717,3.0
28,719,3.0
28,873,2.0
29,218,2.0
29,379,6.0
29,418,1.0
29,455,4.0
29,673,1.0
29,814,2.0
29,836,3.0
29,961,1.0
29,972,3.0
30,38,2.0
30,69,1.0
30,303,2.0
30,381,2.0
30,406,1.0
30,463,2.0
30,783,2.0
30,897,2.0
30,903,2.0
31,125,2.0
31,306,2.0
31,375,3.0
31,405,2.0
31,560,2.0
31,657,2.0
31,697,2.0
31,796,3.0
31,999,2.0
32,83,3.0
32,130,2.0
32,225,2.0
32,258,2.0
32,529,2.0
32,587,3.0
32,688,2.0
32,774,1.0
32,971,3.0
33,114,1.0
33,242,2.0
33,377,3.0
33,578,2.0
33,615,2.0
33,672,2.0
33,816,2.0
33,829,2.0
33,959,2.0
34,147,2.0
34,289,2.0
34,572,2.0
34,590,1.0
34,596,2.0
34,698,2.0
34,720,2.0
34,776,2.0
34,906,2.0
35,16,2.0
35,28,2.0
35,143,2.0
35,183,3.0
35,538,1.0
35,554,3.0
35,708,2.0
35,802,2.0
35,968,3.0
36,22,2.0
36,130,2.0
36,219,2.0
36,618,3.0
36,698,3.0
36,708,1.0
36,772,2.0
36,852,1.0
36,993,1.0
37,15,3.0
37,52,4.0
37,261,3.0
37,271,2.0
37,579,2.0
37,628,4.0
37,633,3.0
37,656,4.0
37,966,2.0
38,220,3.0
38,364,5.0
38,425,3.0
38,516,1.0
38,524,1.0
38,606,1.0
38,773,2.0
38,825,4.0
38,921,5.0
39,46,3.0
39,99,1.0
39,199,2.0
39,201,1.0
39,358,1.0
39,397,3.0
39,417,4.0
39,505,3.0
39,569,3.0
40,74,2.0
40,238,1.0
40,252,4.0
40,335,4.0
40,380,3.0
40,385,3.0
40,453,1.0
40,612,1.0
40,912,4.0
41,236,3.0
41,317,2.0
41,354,1.0
41,422,1.0
41,427,3.0
41,451,2.0
41,721,3.0
41,918,3.0
41,963,1.0
42,73,3.0
42,187,2.0
42,222,3.0
42,335,3.0
42,538,3.0
42,798,4.0
42,819,3.0
42,854,3.0
42,970,3.0
43,52,1.0
43,227,1.0
43,271,3.0
43,418,1.0
43,445,1.0
43,529,2.0
43,753,3.0
43,773,1.0
43,844,3.0
44,4,3.0
44,155,3.0
44,258,1.0
44,732,3.0
44,787,1.0
44,838,3.0
44,905,2.0
44,907,3.0
44,930,2.0
45,52,5.0
45,248,4.0
45,337,3.0
45,343,1.0
45,359,3.0
45,569,4.0
45,821,3.0
45,933,2.0
45,992,3.0
46,68,1.0
46,339,3.0
46,405,4.0
46,406,3.0
46,500,1.0
46,541,3.0
46,717,3.0
46,795,3.0
46,822,3.0
47,44,3.0
47,358,1.0
47,363,2.0
47,387,1.0
47,487,3.0
47,706,3.0
47,763,1.0
47,805,4.0
47,934,3.0
48,11,3.0
48,26,3.0
48,230,3.0
48,441,3.0
48,487,1.0
48,667,3.0
48,852,2.0
48,872,3.0
48,937,6.0
49,134,3.0
49,147,3.0
49,186,4.0
49,283,4.0
49,311,3.0
49,323,3.0
49,569,3.0
49,595,4.0
49,816,2.0
50,131,2.0
50,210,3.0
50,552,3.0
50,574,3.0
50,597,3.0
50,615,3.0
50,832,2.0
50,864,3.0
50,883,4.0
51,65,3.0
51,178,1.0
51,267,4.0
51,492,3.0
51,750,3.0
51,891,4.0
51,925,3.0
51,961,2.0
51,997,4.0
52,196,4.0
52,443,4.0
52,466,1.0
52,549,3.0
52,612,3.0
52,633,4.0
52,750,2.0
52,788,4.0
52,933,3.0
53,115,3.0
53,415,3.0
53,444,3.0
53,564,1.0
53,593,3.0
53,662,3.0
53,700,3.0
53,737,3.0
53,915,3.0
54,25,4.0
54,32,4.0
54,109,3.0
54,412,3.0
54,468,4.0
54,497,1.0
54,568,3.0
54,818,2.0
54,920,3.0
55,179,2.0
55,243,3.0
55,404,2.0
55,456,1.0
55,698,4.0
55,769,3.0
55,826,1.0
55,925,3.0
55,968,3.0
56,97,3.0
56,346,4.0
56,461,3.0
56,555,3.0
56,699,4.0
56,734,3.0
56,806,3.0
56,935,3.0
56,972,2.0
57,3,3.0
57,275,4.0
57,357,4.0
57,428,3.0
57,603,2.0
57,625,2.0
57,648,4.0
57,697,2.0
57,784,2.0
58,12,1.0
58,53,3.0
58,151,2.0
58,292,1.0
58,310,2.0
58,588,2.0
58,900,2.0
58,929,3.0
58,955,3.0
59,4,2.0
59,146,4.0
59,162,2.0
59,187,2.0
59,275,4.0
59,297,3.0
59,482,3.0
59,896,2.0
59,994,2.0
60,280,3.0
60,352,4.0
60,530,3.0
60,788,3.0
60,819,2.0
60,861,3.0
60,907,2.0
60,930,4.0
60,948,3.0
61,61,2.0
61,300,2.0
61,346,3.0
61,365,2.0
61,452,2.0
61,470,3.0
61,632,3.0
61,812,3.0
61,964,2.0
62,13,3.0
62,85,3.0
62,162,3.0
62,178,2.0
62,591,3.0
62,681,4.0
62,758,4.0
62,772,3.0
62,863,4.0
63,348,3.0
63,429,4.0
63,477,3.0
63,492,2.0
63,821,4.0
63,845,4.0
63,857,2.0
63,883,3.0
63,938,3.0
64,78,4.0
64,121,4.0
64,223,4.0
64,447,4.0
64,508,3.0
64,623,3.0
64,769,1.0
64,834,2.0
64,995,4.0
65,14,2.0
65,88,4.0
65,102,3.0
65,429,3.0
65,439,4.0
65,632,3.0
65,648,2.0
65,886,3.0
65,992,3.0
66,63,2.0
66,226,4.0
66,239,3.0
66,304,
66,310,3.0
66,391,2.0
66,516,3.0
66,653,2.0
66,940,3.0
67,5,5.0
67,318,4.0
67,500,1.0
67,539,4.0
67,858,3.0
67,898,4.0
67,915,2.0
67,929,1.0
68,312,3.0
68,408,2.0
68,584,2.0
68,596,1.0
68,653,4.0
68,739,3.0
68,811,3.0
68,929,3.0
68,976,4.0
69,36,2.0
69,59,5.0
69,70,2.0
69,163,3.0
69,310,1.0
69,433,5.0
69,458,3.0
69,596,2.0
69,770,4.0
70,44,3.0
70,61,3.0
70,72,3.0
70,291,3.0
70,317,2.0
70,387,2.0
70,615,4.0
70,627,4.0
70,679,2.0
71,86,2.0
71,300,1.0
71,317,4.0
71,489,2.0
71,713,2.0
71,719,1.0
71,883,3.0
71,945,3.0
71,987,4.0
72,3,4.0
72,279,4.0
72,341,3.0
72,434,3.0
72,608,4.0
72,664,3.0
72,746,4.0
72,777,5.0
72,917,3.0
73,48,3.0
73,135,3.0
73,243,5.0
73,329,2.0
73,366,2.0
73,538,3.0
73,764,4.0
73,941,2.0
73,999,4.0
74,249,3.0
74,252,2.0
74,305,3.0
74,327,3.0
74,437,3.0
74,552,3.0
74,668,1.0
74,750,1.0
74,785,4.0
75,126,3.0
75,166,2.0
75,530,4.0
75,555,1.0
75,564,3.0
75,636,3.0
75,762,5.0
75,828,4.0
75,878,4.0
76,30,1.0
76,139,3.0
76,161,4.0
76,244,3.0
76,526,3.0
76,531,3.0
76,534,3.0
76,540,2.0
76,541,2.0
77,2,2.0
77,5,3.0
77,264,3.0
77,364,3.0
77,428,2.0
77,728,3.0
77,846,4.0
77,862,3.0
77,942,3.0
78,39,3.0
78,45,3.0
78,253,3.0
78,266,3.0
78,285,3.0
78,338,3.0
78,403,3.0
78,456,3.0
78,799,3.0
79,184,4.0
79,189,3.0
79,208,3.0
79,338,2.0
79,537,4.0
79,563,3.0
79,752,3.0
79,929,3.0
79,958,3.0
80,145,4.0
80,165,3.0
80,166,3.0
80,283,3.0
80,361,3.0
80,465,3.0
80,848,5.0
80,977,4.0
80,988,4.0
81,144,3.0
81,244,2.0
81,252,3.0
81,309,3.0
81,312,1.0
81,589,3.0
81,926,3.0
81,959,2.0
81,966,2.0
82,41,2.0
82,52,2.0
82,453,3.0
82,466,3.0
82,524,3.0
82,673,2.0
82,682,2.0
82,859,2.0
82,870,3.0
83,71,5.0
83,76,3.0
83,124,3.0
83,154,3.0
83,452,3.0
83,505,3.0
83,810,3.0
83,826,3.0
83,942,2.0
84,75,4.0
84,294,2.0
84,362,3.0
84,484,1.0
84,489,3.0
84,675,1.0
84,679,3.0
84,840,2.0
84,894,3.0
85,124,3.0
85,146,3.0
85,282,3.0
85,498,2.0
85,513,3.0
85,593,3.0
85,733,2.0
85,785,1.0
85,862,3.0
86,55,2.0
86,456,2.0
86,469,1.0
86,554,3.0
86,559,2.0
86,603,4.0
86,622,4.0
86,667,3.0
86,829,1.0
87,14,3.0
87,21,3.0
87,109,3.0
87,422,1.0
87,464,4.0
87,805,3.0
87,882,2.0
87,892,4.0
87,957,2.0
88,23,4.0
88,34,1.0
88,78,1.0
88,118,4.0
88,814,4.0
88,837,1.0
88,857,3.0
88,900,4.0
88,949,2.0
89,97,4.0
89,140,2.0
89,208,3.0
89,299,3.0
89,302,3.0
89,320,3.0
89,406,5.0
89,453,3.0
89,467,3.0
90,178,1.0
90,301,2.0
90,334,3.0
90,340,3.0
90,456,5.0
90,598,4.0
90,803,2.0
90,936,4.0
90,953,3.0
91,20,3.0
91,64,4.0
91,259,3.0
91,293,5.0
91,700,3.0
91,838,1.0
91,921,1.0
91,992,2.0
91,996,3.0
92,37,3.0
92,140,3.0
92,191,2.0
92,332,4.0
92,465,3.0
92,696,3.0
92,743,4.0
92,985,4.0
92,999,4.0
93,38,4.0
93,376,1.0
93,426,2.0
93,439,2.0
93,456,1.0
93,467,3.0
93,608,3.0
93,653,3.0
93,784,1.0
94,55,3.0
94,128,3.0
94,269,2.0
94,435,4.0
94,504,4.0
94,512,4.0
94,640,3.0
94,685,3.0
94,790,3.0
95,87,3.0
95,204,3.0
95,350,4.0
95,678,3.0
95,753,4.0
95,829,4.0
95,851,3.0
95,885,3.0
95,921,3.0
96,84,3.0
96,213,1.0
96,336,3.0
96,397,2.0
96,417,2.0
96,530,4.0
96,537,2.0
96,551,3.0
96,690,4.0
97,82,3.0
97,246,3.0
97,353,4.0
97,422,3.0
97,539,3.0
97,577,3.0
97,593,2.0
97,778,1.0
97,840,3.0
98,36,3.0
98,119,2.0
98,130,3.0
98,367,3.0
98,399,4.0
98,550,3.0
98,669,3.0
98,830,1.0
98,832,3.0
99,32,3.0
99,176,3.0
99,441,2.0
99,461,3.0
99,522,3.0
99,563,3.0
99,652,2.0
99,739,2.0
99,909,2.0
100,12,3.0
100,63,3.0
100,169,3.0
100,246,5.0
100,373,1.0
100,837,3.0
100,872,4.0
100,890,2.0
100,967,3.0
101,23,3.0
101,53,3.0
101,105,3.0
101,369,3.0
101,491,3.0
101,841,4.0
101,847,3.0
101,909,4.0
101,977,4.0
102,1,4.0
102,67,4.0
102,488,2.0
102,616,1.0
102,667,2.0
102,812,3.0
102,850,3.0
102,906,4.0
102,952,3.0
103,21,4.0
103,155,2.0
103,205,4.0
103,326,3.0
103,695,3.0
103,815,1.0
103,871,2.0
103,920,5.0
103,944,5.0
104,52,3.0
104,118,1.0
104,170,4.0
104,180,1.0
104,299,3.0
104,401,5.0
104,728,6.0
104,733,4.0
104,980,3.0
105,290,3.0
105,430,5.0
105,505,3.0
105,526,3.0
105,586,2.0
105,795,2.0
105,859,3.0
105,886,4.0
105,887,3.0
106,308,3.0
106,355,4.0
106,484,1.0
106,535,3.0
106,636,4.0
106,666,3.0
106,795,3.0
106,827,3.0
106,937,3.0
107,46,1.0
107,283,4.0
107,326,3.0
107,570,3.0
107,654,3.0
107,841,2.0
107,896,3.0
107,897,2.0
107,987,1.0
108,107,4.0
108,291,2.0
108,390,3.0
108,515,2.0
108,639,4.0
108,753,2.0
108,873,4.0
108,953,4.0
108,970,3.0
109,125,2.0
109,192,3.0
109,354,2.0
109,371,4.0
109,372,3.0
109,393,4.0
109,584,5.0
109,634,3.0
109,847,3.0
110,40,2.0
110,84,2.0
110,281,3.0
110,545,3.0
110,548,2.0
110,585,5.0
110,611,2.0
110,692,2.0
110,948,3.0
111,284,3.0
111,459,2.0
111,555,1.0
111,557,2.0
111,586,2.0
111,755,2.0
111,814,2.0
111,850,3.0
111,892,2.0
112,21,4.0
112,225,2.0
112,312,2.0
112,346,4.0
112,349,4.0
112,367,3.0
112,469,2.0
112,497,2.0
112,976,4.0
113,5,3.0
113,354,4.0
113,525,3.0
113,682,1.0
113,753,1.0
113,849,1.0
113,884,3.0
113,917,3.0
113,976,1.0
114,593,2.0
114,604,1.0
114,640,2.0
114,667,3.0
114,873,3.0
114,906,4.0
114,926,6.0
114,945,3.0
114,959,4.0
115,72,2.0
115,277,1.0
115,383,1.0
115,600,2.0
115,732,6.0
115,759,1.0
115,798,1.0
115,952,3.0
115,988,3.0
116,137,3.0
116,142,3.0
116,176,3.0
116,272,3.0
116,596,3.0
116,683,3.0
116,888,2.0
116,905,1.0
116,976,1.0
117,58,4.0
117,81,3.0
117,173,1.0
117,357,4.0
117,418,1.0
117,535,3.0
117,589,2.0
117,929,3.0
117,947,1.0
118,23,4.0
118,68,1.0
118,71,3.0
118,385,3.0
118,566,2.0
118,640,4.0
118,674,3.0
118,675,1.0
118,875,2.0
119,138,2.0
119,467,1.0
119,494,
119,602,1.0
119,634,1.0
119,641,2.0
119,837,2.0
119,970,1.0
119,971,3.0
120,151,1.0
120,594,3.0
120,738,4.0
120,770,4.0
120,830,3.0
120,924,3.0
120,927,3.0
120,942,1.0
120,956,3.0
121,147,2.0
121,334,3.0
121,470,3.0
121,558,2.0
121,579,2.0
121,782,4.0
121,857,3.0
121,917,3.0
121,947,3.0
122,45,3.0
122,252,3.0
122,387,3.0
122,503,4.0
122,590,2.0
122,646,3.0
122,807,3.0
122,826,3.0
122,895,3.0
123,73,4.0
123,277,1.0
123,524,1.0
123,532,2.0
123,835,1.0
123,863,3.0
123,942,3.0
123,966,3.0
123,991,2.0
124,168,3.0
124,321,1.0
124,322,1.0
124,497,2.0
124,521,1.0
124,600,2.0
124,692,2.0
124,767,1.0
124,951,3.0
125,19,2.0
125,73,2.0
125,82,2.0
125,312,3.0
125,334,5.0
125,400,3.0
125,445,3.0
125,867,1.0
125,970,4.0
126,7,5.0
126,27,3.0
126,77,2.0
126,399,2.0
126,528,4.0
126,537,1.0
126,559,3.0
126,670,2.0
126,724,1.0
127,30,3.0
127,63,3.0
127,212,3.0
127,304,1.0
127,345,3.0
127,389,4.0
127,510,2.0
127,753,1.0
127,780,2.0
128,322,3.0
128,405,2.0
128,551,4.0
128,563,4.0
128,710,
128,718,2.0
128,885,3.0
128,965,4.0
128,970,3.0
129,64,3.0
129,177,2.0
129,219,1.0
129,236,3.0
129,588,2.0
129,654,3.0
129,765,3.0
129,980,1.0
129,997,2.0
130,23,4.0
130,95,4.0
130,176,1.0
130,244,4.0
130,678,3.0
130,723,3.0
130,799,1.0
130,942,2.0
130,982,3.0
131,353,3.0
131,421,2.0
131,440,3.0
131,606,4.0
131,609,3.0
131,723,3.0
131,796,5.0
131,852,3.0
131,883,3.0
132,390,6.0
132,448,2.0
132,489,1.0
132,495,4.0
132,598,3.0
132,765,2.0
132,770,4.0
132,808,3.0
132,973,1.0
133,19,5.0
133,127,1.0
133,298,4.0
133,544,2.0
133,594,1.0
133,645,4.0
133,716,3.0
133,943,1.0
133,958,3.0
134,193,1.0
134,366,3.0
134,398,3.0
134,521,2.0
134,553,3.0
134,639,1.0
134,654,3.0
134,732,2.0
134,885,3.0
135,156,3.0
135,233,4.0
135,275,4.0
135,479,1.0
135,502,4.0
135,609,2.0
135,663,3.0
135,714,4.0
135,866,3.0
136,267,4.0
136,332,4.0
136,505,4.0
136,509,3.0
136,618,
136,646,4.0
136,760,5.0
136,872,2.0
136,973,3.0
137,100,1.0
137,138,3.0
137,203,1.0
137,204,2.0
137,243,4.0
137,346,3.0
137,490,1.0
137,522,2.0
137,611,3.0
138,207,1.0
138,415,4.0
138,444,3.0
138,483,2.0
138,512,5.0
138,630,3.0
138,641,2.0
138,682,3.0
138,933,3.0
139,166,3.0
139,176,4.0
139,224,3.0
139,268,1.0
139,428,2.0
139,533,3.0
139,581,3.0
139,901,1.0
139,999,3.0
140,62,4.0
140,140,3.0
140,154,4.0
140,225,3.0
140,429,2.0
140,595,1.0
140,608,
140,708,4.0
140,710,4.0
141,88,2.0
141,213,3.0
141,235,4.0
141,578,2.0
141,588,3.0
141,709,3.0
141,837,4.0
141,838,3.0
141,965,2.0
142,20,4.0
142,200,1.0
142,510,3.0
142,521,3.0
142,629,3.0
142,715,3.0
142,796,4.0
142,810,1.0
142,947,3.0
143,328,3.0
143,360,3.0
143,380,2.0
143,590,3.0
143,663,1.0
143,690,3.0
143,759,3.0
143,790,3.0
143,972,2.0
144,24,4.0
144,106,3.0
144,126,3.0
144,217,2.0
144,430,2.0
144,523,3.0
144,624,2.0
144,746,2.0
144,855,2.0
145,274,1.0
145,286,2.0
145,341,3.0
145,451,3.0
145,512,4.0
145,540,1.0
145,777,3.0
145,814,5.0
145,837,2.0
146,131,4.0
146,326,4.0
146,450,3.0
146,545,2.0
146,564,2.0
146,674,3.0
146,746,1.0
146,851,4.0
146,915,5.0
147,137,2.0
147,242,2.0
147,380,1.0
147,427,3.0
147,664,5.0
147,666,2.0
147,821,1.0
147,960,1.0
147,993,3.0
148,203,1.0
148,342,1.0
148,385,3.0
148,552,3.0
148,850,1.0
148,860,3.0
148,864,3.0
148,937,3.0
148,957,3.0
149,79,1.0
149,174,3.0
149,302,3.0
149,318,3.0
149,440,1.0
149,508,3.0
149,563,1.0
149,635,2.0
149,717,3.0
150,120,3.0
150,232,3.0
150,317,1.0
150,606,
150,615,2.0
150,761,3.0
150,827,3.0
150,858,3.0
150,966,3.0
151,115,4.0
151,262,4.0
151,366,3.0
151,530,4.0
151,543,2.0
151,636,4.0
151,835,4.0
151,871,3.0
151,923,1.0
152,180,4.0
152,247,
152,260,4.0
152,528,3.0
152,575,3.0
152,715,2.0
152,737,3.0
152,913,3.0
152,950,
153,32,2.0
153,64,4.0
153,80,3.0
153,149,3.0
153,167,3.0
153,756,5.0
153,843,2.0
153,927,3.0
153,936,3.0
154,214,3.0
154,242,3.0
154,631,4.0
154,652,4.0
154,699,1.0
154,755,5.0
154,762,1.0
154,834,1.0
154,990,4.0
155,52,1.0
155,99,2.0
155,196,3.0
155,244,2.0
155,296,3.0
155,311,3.0
155,321,1.0
155,460,3.0
155,880,3.0
156,111,3.0
156,131,5.0
156,232,1.0
156,279,2.0
156,400,3.0
156,457,3.0
156,630,3.0
156,811,3.0
156,844,3.0
157,22,3.0
157,152,4.0
157,216,3.0
157,413,3.0
157,693,3.0
157,794,4.0
157,837,2.0
157,903,3.0
157,971,4.0
158,266,2.0
158,393,3.0
158,413,3.0
158,541,2.0
158,577,1.0
158,842,2.0
158,865,4.0
158,892,2.0
158,969,1.0
159,35,5.0
159,73,
159,113,2.0
159,166,3.0
159,305,1.0
159,309,2.0
159,444,1.0
159,469,3.0
159,932,3.0
160,59,1.0
160,75,3.0
160,223,3.0
160,417,3.0
160,473,3.0
160,497,3.0
160,617,3.0
160,781,3.0
160,853,1.0
161,150,3.0
161,283,3.0
161,300,3.0
161,337,3.0
161,340,1.0
161,450,3.0
161,769,5.0
161,795,3.0
161,981,5.0
162,27,3.0
162,205,3.0
162,269,3.0
162,319,1.0
162,335,3.0
162,470,3.0
162,473,3.0
162,524,3.0
162,535,3.0
163,26,4.0
163,36,1.0
163,45,3.0
163,52,2.0
163,108,1.0
163,115,1.0
163,141,2.0
163,144,2.0
163,403,1.0
164,49,4.0
164,251,1.0
164,262,4.0
164,364,4.0
164,401,4.0
164,546,3.0
164,694,5.0
164,848,4.0
164,918,3.0
165,93,2.0
165,374,4.0
165,448,2.0
165,538,5.0
165,578,3.0
165,633,2.0
165,748,3.0
165,812,6.0
165,934,1.0
166,124,2.0
166,313,2.0
166,419,1.0
166,458,2.0
166,471,6.0
166,823,2.0
166,882,4.0
166,998,3.0
166,999,3.0
167,104,3.0
167,128,3.0
167,219,3.0
167,231,2.0
167,273,3.0
167,782,1.0
167,823,3.0
167,828,1.0
167,904,2.0
168,352,3.0
168,418,3.0
168,437,1.0
168,565,4.0
168,622,3.0
168,632,3.0
168,755,3.0
168,790,2.0
168,950,3.0
169,22,4.0
169,56,2.0
169,206,5.0
169,315,2.0
169,553,2.0
169,683,2.0
169,809,2.0
169,927,1.0
169,952,3.0
170,3,3.0
170,31,2.0
170,238,2.0
170,242,1.0
170,417,2.0
170,437,4.0
170,813,4.0
170,909,3.0
170,994,2.0
171,16,3.0
171,260,3.0
171,374,3.0
171,431,2.0
171,479,3.0
171,526,3.0
171,635,1.0
171,744,3.0
171,987,4.0
172,37,3.0
172,137,4.0
172,216,4.0
172,381,3.0
172,487,4.0
172,589,2.0
172,594,1.0
172,783,2.0
172,885,2.0
173,79,3.0
173,178,3.0
173,662,3.0
173,734,4.0
173,748,3.0
173,757,4.0
173,792,4.0
173,908,4.0
173,938,4.0
174,119,3.0
174,174,3.0
174,260,3.0
174,293,2.0
174,301,3.0
174,738,1.0
174,813,1.0
174,828,2.0
174,893,3.0
175,90,2.0
175,145,3.0
175,398,4.0
175,438,3.0
175,490,4.0
175,650,3.0
175,682,2.0
175,752,2.0
175,989,3.0
176,61,3.0
176,234,3.0
176,240,2.0
176,274,3.0
176,320,3.0
176,371,3.0
176,460,4.0
176,861,2.0
176,903,2.0
177,38,1.0
177,104,4.0
177,377,3.0
177,413,4.0
177,416,3.0
177,648,1.0
177,908,4.0
177,953,2.0
177,987,1.0
178,85,1.0
178,185,3.0
178,266,1.0
178,414,4.0
178,615,3.0
178,632,3.0
178,719,4.0
178,783,3.0
178,930,4.0
179,266,4.0
179,331,3.0
179,507,6.0
179,587,3.0
179,598,1.0
179,612,3.0
179,625,5.0
179,851,3.0
179,903,1.0
180,49,2.0
180,163,3.0
180,240,3.0
180,427,2.0
180,607,3.0
180,623,3.0
180,665,4.0
180,721,3.0
180,854,3.0
181,90,3.0
181,154,3.0
181,223,2.0
181,363,4.0
181,454,4.0
181,552,3.0
181,808,4.0
181,910,3.0
181,952,3.0
182,4,3.0
182,23,3.0
182,378,3.0
182,633,3.0
182,637,1.0
182,760,3.0
182,763,3.0
182,772,4.0
182,833,3.0
183,90,3.0
183,346,3.0
183,429,2.0
183,518,3.0
183,596,3.0
183,727,3.0
183,745,4.0
183,839,4.0
183,964,4.0
184,125,3.0
184,136,3.0
184,186,3.0
184,200,3.0
184,216,3.0
184,363,3.0
184,518,4.0
184,557,4.0
184,848,4.0
185,71,2.0
185,171,2.0
185,394,3.0
185,596,4.0
185,688,4.0
185,772,1.0
185,789,3.0
185,868,1.0
185,886,2.0
186,271,1.0
186,378,3.0
186,473,2.0
186,522,3.0
186,596,2.0
186,780,3.0
186,827,2.0
186,850,3.0
186,872,3.0
187,220,3.0
187,412,4.0
187,509,3.0
187,561,3.0
187,574,4.0
187,585,3.0
187,724,4.0
187,739,4.0
187,824,2.0
188,186,3.0
188,273,3.0
188,292,3.0
188,303,4.0
188,617,4.0
188,755,2.0
188,901,3.0
188,929,3.0
188,939,3.0
189,20,2.0
189,51,3.0
189,77,3.0
189,256,3.0
189,378,4.0
189,413,4.0
189,657,3.0
189,779,3.0
189,876,1.0
190,108,2.0
190,211,4.0
190,257,1.0
190,272,3.0
190,293,3.0
190,369,1.0
190,453,3.0
190,527,2.0
190,765,1.0
191,55,4.0
191,77,2.0
191,180,3.0
191,258,3.0
191,313,3.0
191,428,3.0
191,491,3.0
191,726,3.0
191,917,3.0
192,6,3.0
192,231,2.0
192,512,3.0
192,657,3.0
192,665,2.0
192,724,2.0
192,734,4.0
192,792,2.0
192,798,2.0
193,14,3.0
193,399,2.0
193,456,1.0
193,532,3.0
193,577,1.0
193,623,2.0
193,766,2.0
193,790,3.0
193,977,3.0
194,11,4.0
194,208,1.0
194,259,4.0
194,476,1.0
194,491,4.0
194,591,2.0
194,714,3.0
194,814,4.0
194,915,3.0
195,45,1.0
195,156,2.0
195,269,3.0
195,279,3.0
195,729,1.0
195,763,4.0
195,853,1.0
195,924,3.0
195,989,4.0
196,63,3.0
196,96,1.0
196,182,4.0
196,285,1.0
196,493,3.0
196,581,2.0
196,586,1.0
196,693,4.0
196,894,1.0
197,37,1.0
197,43,3.0
197,214,2.0
197,295,3.0
197,349,4.0
197,400,3.0
197,508,1.0
197,789,4.0
197,867,3.0
198,33,4.0
198,105,1.0
198,125,3.0
198,143,3.0
198,387,1.0
198,469,3.0
198,485,6.0
198,542,1.0
198,683,5.0
199,25,1.0
199,65,4.0
199,108,1.0
199,305,3.0
199,451,2.0
199,544,1.0
199,612,4.0
199,734,1.0
199,790,1.0
200,73,4.0
200,97,2.0
200,140,1.0
200,336,3.0
200,690,3.0
200,746,3.0
200,838,3.0
200,842,3.0
200,914,3.0
201,79,3.0
201,156,2.0
201,188,2.0
201,306,1.0
201,435,4.0
201,517,2.0
201,958,2.0
201,977,1.0
201,991,3.0
202,170,3.0
202,326,2.0
202,348,2.0
202,583,1.0
202,607,4.0
202,810,3.0
202,852,1.0
202,859,2.0
202,925,2.0
203,333,3.0
203,375,5.0
203,443,1.0
203,513,2.0
203,523,2.0
203,565,1.0
203,715,3.0
203,757,2.0
203,782,2.0
204,203,1.0
204,258,3.0
204,300,3.0
204,339,4.0
204,679,4.0
204,730,2.0
204,803,6.0
204,895,1.0
204,971,4.0
205,82,3.0
205,157,4.0
205,227,1.0
205,388,1.0
205,423,1.0
205,459,2.0
205,508,1.0
205,784,3.0
205,787,3.0
206,18,4.0
206,233,5.0
206,399,2.0
206,510,1.0
206,636,3.0
206,659,3.0
206,829,3.0
206,831,2.0
206,951,3.0
207,92,4.0
207,385,2.0
207,532,3.0
207,602,2.0
207,661,1.0
207,688,5.0
207,789,2.0
207,794,2.0
207,923,3.0
208,13,3.0
208,63,1.0
208,121,3.0
208,214,2.0
208,315,1.0
208,592,3.0
208,593,3.0
208,856,3.0
208,861,1.0
209,20,2.0
209,39,4.0
209,100,2.0
209,210,3.0
209,632,1.0
209,654,3.0
209,710,2.0
209,815,2.0
209,890,3.0
210,104,3.0
210,132,3.0
210,232,2.0
210,304,1.0
210,440,4.0
210,497,1.0
210,524,3.0
210,792,2.0
210,993,3.0
211,437,3.0
211,484,2.0
211,495,2.0
211,503,3.0
211,530,4.0
211,640,3.0
211,682,1.0
211,808,3.0
211,900,3.0
212,49,3.0
212,285,2.0
212,345,2.0
212,446,2.0
212,573,3.0
212,606,2.0
212,628,2.0
212,702,2.0
212,892,2.0
213,11,2.0
213,18,1.0
213,41,3.0
213,59,2.0
213,99,2.0
213,236,3.0
213,341,2.0
213,405,1.0
213,900,1.0
214,37,3.0
214,97,3.0
214,159,3.0
214,160,3.0
214,260,1.0
214,618,2.0
214,696,2.0
214,771,1.0
214,972,1.0
215,55,2.0
215,321,2.0
215,454,2.0
215,473,2.0
215,615,3.0
215,757,2.0
215,848,3.0
215,987,2.0
215,994,1.0
216,64,2.0
216,199,3.0
216,329,2.0
216,347,2.0
216,514,4.0
216,669,2.0
216,821,2.0
216,849,1.0
216,865,3.0
217,39,3.0
217,53,3.0
217,77,1.0
217,129,2.0
217,260,2.0
217,269,3.0
217,556,3.0
217,768,2.0
217,905,2.0
218,33,3.0
218,58,4.0
218,89,2.0
218,283,1.0
218,350,5.0
218,504,3.0
218,519,3.0
218,683,2.0
218,707,1.0
219,72,6.0
219,270,4.0
219,323,5.0
219,457,1.0
219,496,2.0
219,524,5.0
219,778,1.0
219,792,5.0
219,840,2.0
220,28,3.0
220,37,4.0
220,199,3.0
220,257,3.0
220,267,2.0
220,313,3.0
220,340,1.0
220,430,1.0
220,504,3.0
221,51,1.0
221,119,3.0
221,202,1.0
221,241,1.0
221,246,2.0
221,645,1.0
221,819,1.0
221,925,3.0
221,977,2.0
222,14,3.0
222,107,2.0
222,149,2.0
222,373,3.0
222,433,3.0
222,485,4.0
222,513,3.0
222,694,2.0
222,961,3.0
223,21,1.0
223,51,3.0
223,69,1.0
223,135,4.0
223,194,4.0
223,291,1.0
223,569,3.0
223,613,3.0
223,978,3.0
224,124,3.0
224,183,4.0
224,464,2.0
224,470,4.0
224,693,3.0
224,749,3.0
224,775,3.0
224,860,4.0
224,947,2.0
225,1,1.0
225,203,3.0
225,233,3.0
225,245,4.0
225,327,3.0
225,396,1.0
225,404,
225,715,3.0
225,817,3.0
226,211,1.0
226,314,2.0
226,353,1.0
226,447,1.0
226,462,3.0
226,637,2.0
226,730,3.0
226,898,3.0
226,933,1.0
227,59,1.0
227,309,4.0
227,332,3.0
227,337,3.0
227,367,3.0
227,497,4.0
227,548,2.0
227,583,1.0
227,606,5.0
228,3,3.0
228,178,2.0
228,549,2.0
228,650,2.0
228,733,1.0
228,748,3.0
228,873,1.0
228,922,2.0
228,956,2.0
229,37,2.0
229,144,4.0
229,268,1.0
229,295,2.0
229,371,4.0
229,408,1.0
229,469,1.0
229,676,2.0
229,849,2.0
230,94,2.0
230,122,1.0
230,130,1.0
230,133,4.0
230,305,4.0
230,475,3.0
230,478,1.0
230,697,3.0
230,771,4.0
231,7,3.0
231,13,3.0
231,20,2.0
231,443,4.0
231,495,1.0
231,545,2.0
231,660,4.0
231,702,2.0
231,741,3.0
232,38,4.0
232,182,3.0
232,405,4.0
232,600,3.0
232,647,3.0
232,764,3.0
232,842,4.0
232,860,1.0
232,883,4.0
233,60,3.0
233,72,3.0
233,171,5.0
233,219,3.0
233,265,3.0
233,344,3.0
233,349,3.0
233,491,2.0
233,539,2.0
234,58,3.0
234,86,5.0
234,185,3.0
234,232,1.0
234,325,2.0
234,377,3.0
234,590,2.0
234,707,3.0
234,919,5.0
235,116,1.0
235,148,2.0
235,173,3.0
235,230,3.0
235,328,4.0
235,366,2.0
235,581,4.0
235,825,1.0
235,844,3.0
236,47,2.0
236,154,3.0
236,468,2.0
236,479,3.0
236,588,3.0
236,641,1.0
236,698,3.0
236,834,2.0
236,957,3.0
237,80,3.0
237,358,3.0
237,429,1.0
237,534,3.0
237,713,4.0
237,828,3.0
237,878,3.0
237,919,1.0
237,962,2.0
238,41,2.0
238,103,3.0
238,212,3.0
238,280,5.0
238,375,4.0
238,534,4.0
238,650,3.0
238,720,3.0
238,741,3.0
239,179,4.0
239,263,3.0
239,280,4.0
239,499,1.0
239,584,2.0
239,683,4.0
239,759,3.0
239,827,2.0
239,957,3.0
240,71,3.0
240,424,4.0
240,475,4.0
240,477,4.0
240,644,4.0
240,666,4.0
240,713,1.0
240,833,4.0
240,898,3.0
241,104,3.0
241,139,4.0
241,143,2.0
241,240,1.0
241,249,3.0
241,490,4.0
241,625,2.0
241,681,1.0
241,906,3.0
242,28,1.0
242,489,3.0
242,553,3.0
242,603,2.0
242,734,1.0
242,779,1.0
242,860,1.0
242,954,4.0
242,978,2.0
243,67,5.0
243,242,4.0
243,369,1.0
243,454,3.0
243,515,1.0
243,632,2.0
243,683,2.0
243,722,3.0
243,751,4.0
244,150,3.0
244,262,2.0
244,334,4.0
244,339,1.0
244,529,4.0
244,615,3.0
244,639,3.0
244,740,2.0
244,820,6.0
245,51,3.0
245,246,3.0
245,305,2.0
245,381,1.0
245,458,4.0
245,559,4.0
245,578,1.0
245,706,3.0
245,786,1.0
246,28,4.0
246,79,3.0
246,319,2.0
246,496,2.0
246,663,2.0
246,665,3.0
246,888,1.0
246,916,2.0
246,958,2.0
247,265,3.0
247,289,2.0
247,306,3.0
247,376,2.0
247,482,2.0
247,665,3.0
247,672,2.0
247,799,6.0
247,937,1.0
248,109,3.0
248,141,3.0
248,185,5.0
248,225,1.0
248,385,3.0
248,424,1.0
248,503,1.0
248,540,4.0
248,661,4.0
249,35,3.0
249,229,2.0
249,290,4.0
249,470,4.0
249,484,3.0
249,510,4.0
249,526,5.0
249,754,2.0
249,950,5.0
250,85,2.0
250,111,4.0
250,143,3.0
250,355,1.0
250,371,5.0
250,684,4.0
250,780,4.0
250,861,4.0
250,954,2.0
251,154,2.0
251,251,5.0
251,295,2.0
251,347,2.0
251,386,4.0
251,807,4.0
251,916,2.0
251,963,3.0
251,977,1.0
252,216,3.0
252,279,2.0
252,325,3.0
252,406,3.0
252,625,3.0
252,626,4.0
252,664,4.0
252,940,3.0
252,957,2.0
253,221,2.0
253,335,2.0
253,399,3.0
253,491,3.0
253,621,3.0
253,754,3.0
253,767,3.0
253,926,1.0
253,998,4.0
254,23,2.0
254,108,3.0
254,169,3.0
254,494,4.0
254,512,4.0
254,772,3.0
254,832,1.0
254,852,2.0
254,951,5.0
255,92,2.0
255,210,4.0
255,262,4.0
255,283,3.0
255,292,4.0
255,544,1.0
255,665,3.0
255,789,1.0
255,857,1.0
256,172,4.0
256,364,1.0
256,463,3.0
256,513,2.0
256,546,3.0
256,576,3.0
256,770,4.0
256,875,3.0
256,918,3.0
257,39,3.0
257,105,3.0
257,220,3.0
257,376,3.0
257,388,2.0
257,445,4.0
257,597,4.0
257,729,3.0
257,801,4.0
258,141,3.0
258,168,3.0
258,180,4.0
258,202,2.0
258,205,1.0
258,373,4.0
258,676,4.0
258,708,4.0
258,979,1.0
259,32,1.0
259,67,4.0
259,349,3.0
259,388,3.0
259,530,3.0
259,657,3.0
259,707,3.0
259,883,2.0
259,988,2.0
260,187,3.0
260,206,2.0
260,252,2.0
260,417,2.0
260,516,2.0
260,646,4.0
260,666,2.0
260,723,2.0
260,804,4.0
261,81,3.0
261,267,2.0
261,335,2.0
261,339,3.0
261,366,2.0
261,432,3.0
261,446,3.0
261,602,2.0
261,783,2.0
262,53,3.0
262,231,2.0
262,335,3.0
262,374,3.0
262,544,2.0
262,739,1.0
262,764,1.0
262,837,2.0
262,860,4.0
263,56,2.0
263,153,4.0
263,316,3.0
263,422,2.0
263,457,1.0
263,592,3.0
263,796,5.0
263,814,3.0
263,909,1.0
264,90,2.0
264,210,3.0
264,214,2.0
264,299,1.0
264,460,2.0
264,507,4.0
264,674,3.0
264,766,3.0
264,996,3.0
265,134,1.0
265,281,1.0
265,575,2.0
265,655,3.0
265,823,2.0
265,878,2.0
265,889,2.0
265,934,4.0
265,983,4.0
266,23,3.0
266,104,3.0
266,170,4.0
266,253,3.0
266,543,2.0
266,589,4.0
266,614,3.0
266,776,3.0
266,909,3.0
267,221,4.0
267,277,4.0
267,379,3.0
267,387,3.0
267,413,4.0
267,564,3.0
267,722,3.0
267,791,3.0
267,968,3.0
268,42,3.0
268,93,2.0
268,117,1.0
268,224,4.0
268,253,3.0
268,341,4.0
268,543,2.0
268,642,3.0
268,964,3.0
269,252,4.0
269,318,2.0
269,561,2.0
269,576,1.0
269,604,3.0
269,646,3.0
269,700,3.0
269,915,3.0
269,932,3.0
270,5,4.0
270,81,3.0
270,271,2.0
270,377,3.0
270,599,2.0
270,606,3.0
270,698,4.0
270,705,5.0
270,901,3.0
271,85,3.0
271,120,5.0
271,127,3.0
271,307,6.0
271,335,3.0
271,343,3.0
271,463,2.0
271,640,2.0
271,785,3.0
272,148,3.0
272,161,3.0
272,425,3.0
272,716,3.0
272,734,4.0
272,741,3.0
272,764,5.0
272,793,1.0
272,949,3.0
273,70,1.0
273,77,3.0
273,306,2.0
273,397,3.0
273,530,2.0
273,682,2.0
273,687,4.0
273,722,3.0
273,949,2.0
274,62,2.0
274,338,3.0
274,394,3.0
274,509,3.0
274,555,3.0
274,611,3.0
274,721,4.0
274,790,2.0
274,990,3.0
275,173,2.0
275,198,2.0
275,295,4.0
275,296,3.0
275,369,2.0
275,668,3.0
275,811,2.0
275,910,4.0
275,929,4.0
276,67,2.0
276,156,3.0
276,219,3.0
276,278,2.0
276,359,3.0
276,372,1.0
276,493,3.0
276,671,1.0
276,952,3.0
277,86,3.0
277,185,4.0
277,341,3.0
277,556,3.0
277,665,4.0
277,779,3.0
277,838,4.0
277,877,4.0
277,920,3.0
278,130,4.0
278,187,1.0
278,457,4.0
278,484,4.0
278,486,5.0
278,543,6.0
278,867,4.0
278,916,3.0
278,983,3.0
279,30,4.0
279,265,1.0
279,430,3.0
279,563,1.0
279,642,3.0
279,750,3.0
279,757,3.0
279,907,3.0
279,955,1.0
280,43,3.0
280,50,3.0
280,186,4.0
280,428,1.0
280,513,3.0
280,519,4.0
280,532,3.0
280,541,3.0
280,793,4.0
281,139,3.0
281,269,3.0
281,295,6.0
281,512,3.0
281,640,2.0
281,694,2.0
281,771,1.0
281,858,3.0
281,975,1.0
282,74,3.0
282,104,3.0
282,598,3.0
282,600,3.0
282,670,5.0
282,853,4.0
282,921,1.0
282,969,3.0
282,995,6.0
283,75,2.0
283,171,3.0
283,441,3.0
283,476,2.0
283,483,2.0
283,602,3.0
283,815,3.0
283,884,3.0
283,943,3.0
284,104,4.0
284,185,1.0
284,308,3.0
284,372,4.0
284,575,5.0
284,620,3.0
284,719,3.0
284,726,4.0
284,937,3.0
285,67,2.0
285,137,3.0
285,152,3.0
285,429,4.0
285,529,2.0
285,744,4.0
285,770,4.0
285,829,4.0
285,971,4.0
286,257,1.0
286,315,2.0
286,385,3.0
286,631,3.0
286,649,5.0
286,655,3.0
286,695,3.0
286,726,3.0
286,769,3.0
287,156,3.0
287,279,3.0
287,458,3.0
287,509,3.0
287,514,2.0
287,571,2.0
287,607,5.0
287,819,3.0
287,838,3.0
288,11,3.0
288,114,5.0
288,431,3.0
288,505,4.0
288,518,3.0
288,851,4.0
288,888,4.0
288,962,3.0
288,974,3.0
289,42,3.0
289,336,1.0
289,611,6.0
289,615,3.0
289,723,1.0
289,725,1.0
289,894,3.0
289,942,4.0
289,965,3.0
290,141,6.0
290,203,3.0
290,248,5.0
290,329,6.0
290,332,1.0
290,597,3.0
290,629,3.0
290,729,3.0
290,898,3.0
291,241,3.0
291,361,1.0
291,542,3.0
291,566,3.0
291,690,3.0
291,777,5.0
291,796,3.0
291,900,4.0
291,927,3.0
292,19,3.0
292,606,3.0
292,623,4.0
292,642,3.0
292,696,2.0
292,739,4.0
292,779,3.0
292,855,3.0
292,932,3.0
293,212,2.0
293,218,3.0
293,307,1.0
293,478,2.0
293,669,5.0
293,675,2.0
293,676,2.0
293,703,4.0
293,838,3.0
294,25,3.0
294,462,3.0
294,464,3.0
294,482,3.0
294,557,2.0
294,580,2.0
294,601,3.0
294,900,3.0
294,925,3.0
295,40,3.0
295,140,5.0
295,171,3.0
295,229,6.0
295,515,3.0
295,635,1.0
295,786,3.0
295,842,2.0
295,967,2.0
296,173,3.0
296,201,1.0
296,215,4.0
296,302,3.0
296,369,3.0
296,410,4.0
296,821,4.0
296,937,3.0
296,977,1.0
297,45,2.0
297,58,2.0
297,119,5.0
297,337,2.0
297,419,2.0
297,420,1.0
297,546,3.0
297,591,3.0
297,712,3.0
298,96,1.0
298,202,2.0
298,239,4.0
298,496,3.0
298,500,5.0
298,535,4.0
298,649,3.0
298,876,3.0
298,906,3.0
299,110,4.0
299,136,1.0
299,285,3.0
299,358,5.0
299,393,1.0
299,599,1.0
299,714,3.0
299,823,1.0
299,965,1.0
300,78,5.0
300,176,4.0
300,188,3.0
300,499,3.0
300,511,4.0
300,524,3.0
300,628,3.0
300,823,4.0
300,863,3.0
301,71,3.0
301,359,3.0
301,441,3.0
301,455,1.0
301,511,2.0
301,610,1.0
301,736,3.0
301,758,3.0
301,976,3.0
302,43,3.0
302,254,4.0
302,388,3.0
302,402,4.0
302,407,4.0
302,459,3.0
302,854,2.0
302,931,1.0
302,945,3.0
303,104,3.0
303,162,4.0
303,454,3.0
303,541,2.0
303,590,3.0
303,719,1.0
303,937,3.0
303,977,3.0
303,998,3.0
304,96,1.0
304,441,2.0
304,459,3.0
304,502,4.0
304,547,3.0
304,642,4.0
304,657,1.0
304,816,3.0
304,848,3.0
305,34,3.0
305,100,2.0
305,263,1.0
305,456,1.0
305,530,3.0
305,733,3.0
305,840,3.0
305,885,1.0
305,936,2.0
306,6,3.0
306,85,3.0
306,105,1.0
306,139,1.0
306,199,1.0
306,555,1.0
306,629,4.0
306,732,3.0
306,992,2.0
307,31,3.0
307,65,4.0
307,156,3.0
307,180,3.0
307,272,2.0
307,416,3.0
307,528,2.0
307,529,1.0
307,724,3.0
308,4,3.0
308,68,3.0
308,279,4.0
308,281,4.0
308,622,4.0
308,637,3.0
308,772,4.0
308,839,4.0
308,935,4.0
309,21,3.0
309,249,1.0
309,417,4.0
309,446,3.0
309,485,5.0
309,825,4.0
309,872,3.0
309,939,2.0
309,969,3.0
310,104,4.0
310,178,1.0
310,358,3.0
310,441,3.0
310,527,3.0
310,570,4.0
310,747,2.0
310,787,3.0
310,903,2.0
311,162,3.0
311,169,4.0
311,197,4.0
311,297,3.0
311,515,2.0
311,667,6.0
311,695,2.0
311,799,4.0
311,909,1.0
312,223,2.0
312,226,3.0
312,237,4.0
312,240,5.0
312,557,3.0
312,624,3.0
312,662,4.0
312,783,3.0
312,991,2.0
313,59,3.0
313,204,2.0
313,215,4.0
313,341,2.0
313,486,4.0
313,499,3.0
313,632,5.0
313,776,3.0
313,922,4.0
314,28,5.0
314,189,5.0
314,233,4.0
314,282,2.0
314,437,4.0
314,538,1.0
314,913,2.0
314,946,5.0
314,999,2.0
315,153,4.0
315,342,4.0
315,604,5.0
315,722,4.0
315,756,5.0
315,757,1.0
315,787,5.0
315,838,4.0
315,874,3.0
316,9,2.0
316,66,3.0
316,98,3.0
316,156,1.0
316,346,2.0
316,459,3.0
316,788,2.0
316,968,2.0
316,976,2.0
317,36,1.0
317,72,4.0
317,130,3.0
317,188,3.0
317,393,2.0
317,421,3.0
317,603,3.0
317,805,3.0
317,848,2.0
318,123,2.0
318,197,1.0
318,270,2.0
318,427,2.0
318,698,2.0
318,744,3.0
318,834,2.0
318,907,4.0
318,942,2.0
319,39,3.0
319,211,4.0
319,220,1.0
319,389,3.0
319,444,3.0
319,469,2.0
319,531,2.0
319,650,3.0
319,704,3.0
320,67,3.0
320,160,2.0
320,223,2.0
320,327,1.0
320,403,4.0
320,420,3.0
320,468,3.0
320,530,3.0
320,783,2.0
321,163,3.0
321,215,2.0
321,295,3.0
321,342,1.0
321,554,1.0
321,727,1.0
321,744,3.0
321,799,4.0
321,881,3.0
322,65,3.0
322,80,1.0
322,269,1.0
322,388,3.0
322,500,1.0
322,639,5.0
322,657,4.0
322,722,2.0
322,766,4.0
323,85,1.0
323,279,4.0
323,285,1.0
323,428,1.0
323,504,4.0
323,521,4.0
323,730,2.0
323,807,2.0
323,957,2.0
324,99,4.0
324,128,4.0
324,141,4.0
324,397,1.0
324,407,4.0
324,725,3.0
324,781,1.0
324,873,3.0
324,947,4.0
325,109,3.0
325,320,2.0
325,429,4.0
325,440,1.0
325,459,3.0
325,671,1.0
325,740,2.0
325,840,4.0
325,954,3.0
326,39,3.0
326,123,1.0
326,201,6.0
326,255,4.0
326,286,3.0
326,346,1.0
326,416,3.0
326,517,1.0
326,930,1.0
327,103,1.0
327,122,2.0
327,260,4.0
327,302,4.0
327,474,1.0
327,652,1.0
327,723,4.0
327,882,3.0
327,976,3.0
328,162,3.0
328,163,3.0
328,212,3.0
328,244,3.0
328,618,3.0
328,772,3.0
328,825,3.0
328,924,3.0
328,930,3.0
329,105,4.0
329,332,3.0
329,416,3.0
329,431,3.0
329,502,1.0
329,676,
329,693,3.0
329,889,3.0
329,986,3.0
330,98,1.0
330,238,3.0
330,295,3.0
330,393,2.0
330,495,4.0
330,527,1.0
330,666,1.0
330,701,2.0
330,963,3.0
331,81,2.0
331,237,3.0
331,317,6.0
331,349,2.0
331,387,3.0
331,451,1.0
331,613,4.0
331,669,4.0
331,743,5.0
332,16,3.0
332,84,1.0
332,118,2.0
332,240,3.0
332,329,3.0
332,476,1.0
332,490,3.0
332,506,3.0
332,832,3.0
333,99,3.0
333,282,3.0
333,288,3.0
333,505,1.0
333,570,3.0
333,650,3.0
333,704,2.0
333,747,3.0
333,753,1.0
334,26,1.0
334,80,2.0
334,320,1.0
334,454,3.0
334,663,1.0
334,690,1.0
334,761,
334,772,1.0
334,931,2.0
335,83,5.0
335,256,2.0
335,388,3.0
335,438,3.0
335,484,4.0
335,624,3.0
335,817,3.0
335,852,3.0
335,861,4.0
336,94,3.0
336,113,5.0
336,259,2.0
336,303,3.0
336,308,1.0
336,499,3.0
336,650,3.0
336,656,1.0
336,839,1.0
337,83,2.0
337,411,3.0
337,413,3.0
337,458,1.0
337,488,4.0
337,510,3.0
337,544,2.0
337,663,5.0
337,914,4.0
338,165,3.0
338,552,3.0
338,565,3.0
338,615,2.0
338,720,3.0
338,730,1.0
338,822,4.0
338,843,2.0
338,935,2.0
339,30,1.0
339,273,2.0
339,287,3.0
339,383,1.0
339,393,3.0
339,471,2.0
339,519,2.0
339,677,4.0
339,791,1.0
340,36,2.0
340,47,4.0
340,233,2.0
340,274,1.0
340,392,2.0
340,469,1.0
340,694,1.0
340,787,2.0
340,833,3.0
341,303,1.0
341,358,3.0
341,439,4.0
341,557,1.0
341,672,2.0
341,751,2.0
341,840,3.0
341,922,1.0
341,927,3.0
342,85,3.0
342,211,3.0
342,347,2.0
342,428,3.0
342,583,1.0
342,629,2.0
342,682,1.0
342,742,4.0
342,759,1.0
343,95,3.0
343,327,1.0
343,366,3.0
343,493,2.0
343,514,3.0
343,570,3.0
343,574,3.0
343,767,4.0
343,861,2.0
344,39,3.0
344,64,3.0
344,176,3.0
344,188,2.0
344,464,5.0
344,543,2.0
344,567,2.0
344,614,6.0
344,759,1.0
345,237,1.0
345,242,2.0
345,253,2.0
345,582,1.0
345,697,4.0
345,766,1.0
345,880,3.0
345,898,1.0
345,959,2.0
346,76,4.0
346,430,3.0
346,526,2.0
346,528,3.0
346,632,4.0
346,767,2.0
346,807,3.0
346,895,1.0
346,961,4.0
347,46,4.0
347,105,5.0
347,161,4.0
347,241,3.0
347,385,3.0
347,399,3.0
347,471,3.0
347,502,3.0
347,630,1.0
348,123,3.0
348,408,2.0
348,431,3.0
348,593,5.0
348,722,2.0
348,768,3.0
348,852,4.0
348,894,3.0
348,970,4.0
349,15,2.0
349,31,3.0
349,78,3.0
349,99,2.0
349,240,2.0
349,297,2.0
349,699,1.0
349,825,3.0
349,906,4.0
350,269,3.0
350,292,4.0
350,357,3.0
350,705,3.0
350,728,2.0
350,846,3.0
350,932,4.0
350,967,5.0
350,992,2.0
351,121,2.0
351,231,1.0
351,256,2.0
351,401,3.0
351,519,4.0
351,637,3.0
351,821,2.0
351,830,1.0
351,971,2.0
352,22,1.0
352,65,2.0
352,106,4.0
352,272,2.0
352,406,3.0
352,531,3.0
352,573,3.0
352,604,2.0
352,851,4.0
353,1,2.0
353,309,2.0
353,347,1.0
353,411,2.0
353,510,1.0
353,619,4.0
353,780,5.0
353,793,2.0
353,831,1.0
354,27,1.0
354,76,3.0
354,112,2.0
354,142,3.0
354,509,3.0
354,552,2.0
354,576,5.0
354,720,2.0
354,929,4.0
355,156,2.0
355,377,3.0
355,425,2.0
355,489,3.0
355,497,2.0
355,697,2.0
355,809,2.0
355,899,2.0
355,965,2.0
356,12,3.0
356,138,2.0
356,216,2.0
356,333,4.0
356,425,3.0
356,564,1.0
356,573,1.0
356,759,3.0
356,825,3.0
357,39,3.0
357,43,3.0
357,254,1.0
357,263,3.0
357,317,3.0
357,320,2.0
357,403,3.0
357,433,2.0
357,865,3.0
358,97,1.0
358,188,3.0
358,293,2.0
358,306,3.0
358,600,3.0
358,709,3.0
358,781,3.0
358,790,3.0
358,960,4.0
359,75,4.0
359,120,1.0
359,140,4.0
359,258,3.0
359,356,1.0
359,501,1.0
359,553,6.0
359,637,1.0
359,747,1.0
360,34,3.0
360,222,3.0
360,274,2.0
360,424,3.0
360,490,1.0
360,495,3.0
360,656,3.0
360,769,1.0
360,980,3.0
361,157,4.0
361,452,2.0
361,490,3.0
361,649,1.0
361,731,2.0
361,754,3.0
361,878,2.0
361,881,4.0
361,915,2.0
362,25,4.0
362,29,3.0
362,463,2.0
362,476,1.0
362,529,3.0
362,584,3.0
362,711,2.0
362,767,4.0
362,975,3.0
363,4,3.0
363,147,3.0
363,235,3.0
363,327,2.0
363,380,4.0
363,419,3.0
363,541,5.0
363,851,3.0
363,970,3.0
364,62,4.0
364,145,4.0
364,428,5.0
364,472,4.0
364,537,5.0
364,559,3.0
364,600,4.0
364,898,2.0
364,966,3.0
365,109,2.0
365,250,1.0
365,354,4.0
365,361,3.0
365,407,3.0
365,441,3.0
365,556,3.0
365,639,2.0
365,923,4.0
366,35,4.0
366,77,3.0
366,115,3.0
366,222,2.0
366,244,4.0
366,273,1.0
366,303,3.0
366,689,4.0
366,824,5.0
367,56,3.0
367,72,4.0
367,106,5.0
367,157,4.0
367,304,4.0
367,368,3.0
367,484,2.0
367,670,2.0
367,802,1.0
368,1,3.0
368,108,4.0
368,295,5.0
368,370,3.0
368,423,2.0
368,424,2.0
368,614,2.0
368,627,5.0
368,850,3.0
369,15,3.0
369,64,3.0
369,196,3.0
369,467,2.0
369,489,4.0
369,517,3.0
369,819,1.0
369,853,2.0
369,940,3.0
370,283,2.0
370,394,2.0
370,490,3.0
370,647,3.0
370,654,3.0
370,685,3.0
370,733,3.0
370,961,2.0
370,978,3.0
371,153,3.0
371,232,3.0
371,305,3.0
371,487,2.0
371,533,3.0
371,756,2.0
371,797,3.0
371,972,1.0
371,994,3.0
372,210,3.0
372,313,4.0
372,335,3.0
372,367,4.0
372,381,2.0
372,406,3.0
372,441,3.0
372,829,1.0
372,834,1.0
373,53,2.0
373,104,3.0
373,165,4.0
373,276,3.0
373,454,1.0
373,596,3.0
373,619,3.0
373,846,4.0
373,853,1.0
374,6,1.0
374,25,3.0
374,93,4.0
374,129,3.0
374,340,4.0
374,529,2.0
374,748,1.0
374,794,4.0
374,906,4.0
375,3,4.0
375,199,3.0
375,241,4.0
375,255,3.0
375,668,4.0
375,826,3.0
375,854,2.0
375,982,2.0
375,993,4.0
376,162,3.0
376,230,4.0
376,299,4.0
376,403,3.0
376,529,3.0
376,530,3.0
376,684,2.0
376,838,3.0
376,850,3.0
377,312,4.0
377,330,1.0
377,362,2.0
377,604,3.0
377,653,2.0
377,668,4.0
377,673,3.0
377,716,3.0
377,998,3.0
378,21,3.0
378,162,3.0
378,194,3.0
378,426,3.0
378,467,2.0
378,485,3.0
378,493,3.0
378,681,2.0
378,770,2.0
379,38,3.0
379,78,4.0
379,185,3.0
379,314,2.0
379,474,2.0
379,629,3.0
379,666,1.0
379,699,3.0
379,831,1.0
380,107,2.0
380,153,2.0
380,524,3.0
380,566,4.0
380,746,1.0
380,748,1.0
380,920,2.0
380,934,2.0
380,957,3.0
381,334,2.0
381,485,3.0
381,520,1.0
381,579,2.0
381,747,3.0
381,904,1.0
381,944,1.0
381,987,1.0
381,991,2.0
382,157,1.0
382,464,2.0
382,522,3.0
382,635,2.0
382,673,1.0
382,775,3.0
382,819,1.0
382,905,2.0
382,908,3.0
383,9,3.0
383,436,2.0
383,458,6.0
383,588,1.0
383,598,1.0
383,712,2.0
383,744,3.0
383,874,2.0
383,981,3.0
384,64,3.0
384,376,1.0
384,379,3.0
384,435,3.0
384,698,1.0
384,751,3.0
384,759,3.0
384,791,3.0
384,878,3.0
385,90,3.0
385,113,4.0
385,319,3.0
385,416,3.0
385,419,2.0
385,507,6.0
385,867,4.0
385,942,1.0
385,953,3.0
386,7,4.0
386,144,5.0
386,321,3.0
386,374,1.0
386,414,1.0
386,431,3.0
386,668,4.0
386,688,1.0
386,882,3.0
387,12,2.0
387,39,2.0
387,51,2.0
387,53,1.0
387,74,2.0
387,169,3.0
387,269,2.0
387,715,1.0
387,919,3.0
388,52,3.0
388,76,4.0
388,171,2.0
388,219,3.0
388,541,1.0
388,569,2.0
388,638,1.0
388,771,4.0
388,932,3.0
389,12,4.0
389,41,2.0
389,282,4.0
389,482,3.0
389,558,2.0
389,617,1.0
389,648,4.0
389,813,5.0
389,976,3.0
390,77,3.0
390,100,4.0
390,111,2.0
390,178,2.0
390,288,3.0
390,300,3.0
390,488,3.0
390,493,4.0
390,620,3.0
391,117,3.0
391,177,3.0
391,367,4.0
391,427,2.0
391,595,3.0
391,878,3.0
391,909,1.0
391,965,2.0
391,988,3.0
392,15,3.0
392,50,4.0
392,300,3.0
392,428,3.0
392,659,2.0
392,671,4.0
392,824,4.0
392,834,1.0
392,944,3.0
393,13,4.0
393,126,1.0
393,152,4.0
393,276,3.0
393,310,2.0
393,341,3.0
393,549,4.0
393,637,1.0
393,855,3.0
394,25,1.0
394,41,4.0
394,90,4.0
394,100,4.0
394,121,4.0
394,155,3.0
394,363,2.0
394,741,3.0
394,861,1.0
395,366,2.0
395,377,3.0
395,564,4.0
395,676,4.0
395,765,4.0
395,790,4.0
395,791,1.0
395,818,2.0
395,940,3.0
396,6,3.0
396,176,2.0
396,549,3.0
396,607,3.0
396,642,3.0
396,734,2.0
396,826,2.0
396,836,3.0
396,910,3.0
397,4,4.0
397,236,
397,354,2.0
397,366,3.0
397,415,1.0
397,648,1.0
397,690,1.0
397,758,1.0
397,842,1.0
398,292,3.0
398,369,3.0
398,429,3.0
398,443,4.0
398,555,3.0
398,564,3.0
398,726,4.0
398,795,4.0
398,831,3.0
399,75,4.0
399,84,3.0
399,137,1.0
399,169,2.0
399,319,3.0
399,413,4.0
399,554,3.0
399,656,2.0
399,907,4.0
400,278,3.0
400,427,5.0
400,552,3.0
400,615,4.0
400,657,3.0
400,679,3.0
400,705,2.0
400,799,3.0
400,970,3.0
401,89,1.0
401,241,2.0
401,291,4.0
401,301,3.0
401,307,3.0
401,405,3.0
401,515,4.0
401,620,4.0
401,870,1.0
402,23,2.0
402,77,4.0
402,229,1.0
402,247,2.0
402,482,2.0
402,678,2.0
402,740,3.0
402,764,3.0
402,910,3.0
403,343,3.0
403,442,4.0
403,472,3.0
403,496,2.0
403,661,3.0
403,673,4.0
403,697,3.0
403,855,1.0
403,938,6.0
404,155,3.0
404,203,4.0
404,209,2.0
404,418,2.0
404,530,3.0
404,531,4.0
404,569,3.0
404,754,4.0
404,906,2.0
405,110,4.0
405,273,2.0
405,374,3.0
405,419,3.0
405,461,3.0
405,524,3.0
405,635,3.0
405,701,3.0
405,906,3.0
406,66,3.0
406,128,3.0
406,411,3.0
406,497,3.0
406,689,3.0
406,777,4.0
406,815,2.0
406,906,5.0
406,954,2.0
407,102,4.0
407,107,3.0
407,113,5.0
407,166,3.0
407,346,3.0
407,398,4.0
407,427,3.0
407,505,5.0
407,677,4.0
408,37,3.0
408,67,3.0
408,272,1.0
408,524,2.0
408,572,3.0
408,647,2.0
408,873,1.0
408,885,3.0
408,929,3.0
409,57,4.0
409,68,4.0
409,96,4.0
409,132,4.0
409,632,4.0
409,672,3.0
409,684,3.0
409,874,2.0
409,971,3.0
410,243,2.0
410,248,4.0
410,269,3.0
410,346,1.0
410,483,3.0
410,846,4.0
410,889,1.0
410,925,4.0
410,944,4.0
411,6,5.0
411,143,4.0
411,365,3.0
411,521,
411,612,3.0
411,664,3.0
411,735,3.0
411,851,1.0
411,972,6.0
412,24,4.0
412,138,5.0
412,173,2.0
412,283,4.0
412,309,1.0
412,629,4.0
412,684,2.0
412,739,4.0
412,936,5.0
413,7,4.0
413,9,3.0
413,27,4.0
413,219,4.0
413,408,3.0
413,749,4.0
413,794,4.0
413,869,3.0
413,957,4.0
414,35,3.0
414,140,1.0
414,195,4.0
414,230,2.0
414,237,3.0
414,356,2.0
414,817,3.0
414,906,2.0
414,967,1.0
415,6,2.0
415,49,3.0
415,191,3.0
415,264,5.0
415,356,3.0
415,550,1.0
415,855,4.0
415,882,2.0
415,897,1.0
416,158,3.0
416,214,3.0
416,488,3.0
416,721,3.0
416,812,3.0
416,902,3.0
416,917,3.0
416,932,2.0
416,981,5.0
417,77,4.0
417,249,3.0
417,358,3.0
417,417,3.0
417,494,3.0
417,516,4.0
417,532,3.0
417,766,4.0
417,791,3.0
418,182,3.0
418,307,2.0
418,422,3.0
418,499,3.0
418,654,2.0
418,744,3.0
418,764,3.0
418,773,4.0
418,942,3.0
419,45,4.0
419,144,3.0
419,185,3.0
419,323,3.0
419,361,4.0
419,448,3.0
419,508,3.0
419,578,2.0
419,781,3.0
420,38,1.0
420,267,3.0
420,285,3.0
420,322,4.0
420,417,1.0
420,452,3.0
420,786,3.0
420,909,2.0
420,970,3.0
421,370,2.0
421,383,4.0
421,463,1.0
421,554,3.0
421,573,3.0
421,614,4.0
421,796,3.0
421,938,4.0
421,994,4.0
422,133,3.0
422,170,4.0
422,233,3.0
422,256,4.0
422,297,2.0
422,349,4.0
422,407,4.0
422,529,3.0
422,566,2.0
423,83,3.0
423,134,4.0
423,154,3.0
423,407,4.0
423,627,4.0
423,760,4.0
423,907,2.0
423,908,3.0
423,942,1.0
424,160,4.0
424,229,3.0
424,241,4.0
424,505,3.0
424,633,4.0
424,662,2.0
424,898,4.0
424,975,2.0
424,996,2.0
425,295,1.0
425,346,4.0
425,431,2.0
425,493,3.0
425,555,3.0
425,613,6.0
425,737,5.0
425,828,3.0
425,836,1.0
426,59,3.0
426,109,3.0
426,191,2.0
426,277,2.0
426,318,5.0
426,413,2.0
426,669,3.0
426,680,5.0
426,981,3.0
427,184,3.0
427,191,3.0
427,299,3.0
427,345,4.0
427,505,3.0
427,548,4.0
427,737,5.0
427,839,2.0
427,864,3.0
428,8,1.0
428,218,4.0
428,277,4.0
428,322,4.0
428,707,4.0
428,717,3.0
428,784,2.0
428,847,4.0
428,932,3.0
429,78,2.0
429,314,4.0
429,426,1.0
429,450,2.0
429,494,1.0
429,562,3.0
429,566,3.0
429,737,3.0
429,809,3.0
430,33,3.0
430,157,5.0
430,364,3.0
430,373,5.0
430,438,2.0
430,523,3.0
430,674,1.0
430,817,2.0
430,901,3.0
431,38,3.0
431,83,4.0
431,150,1.0
431,197,3.0
431,276,1.0
431,526,4.0
431,537,4.0
431,632,1.0
431,710,4.0
432,222,3.0
432,289,3.0
432,292,3.0
432,319,4.0
432,441,3.0
432,655,5.0
432,760,2.0
432,824,2.0
432,889,6.0
433,67,4.0
433,187,2.0
433,262,3.0
433,326,2.0
433,438,3.0
433,445,3.0
433,462,3.0
433,477,3.0
433,828,5.0
434,7,3.0
434,10,1.0
434,103,4.0
434,146,3.0
434,547,4.0
434,571,1.0
434,618,3.0
434,671,1.0
434,847,3.0
435,12,4.0
435,117,4.0
435,171,3.0
435,283,4.0
435,364,3.0
435,366,3.0
435,409,3.0
435,564,2.0
435,690,3.0
436,203,2.0
436,252,3.0
436,376,3.0
436,410,3.0
436,805,3.0
436,808,4.0
436,901,3.0
436,904,4.0
436,955,6.0
437,30,4.0
437,72,4.0
437,102,2.0
437,355,4.0
437,377,3.0
437,543,6.0
437,677,2.0
437,807,3.0
437,885,2.0
438,215,2.0
438,234,3.0
438,292,4.0
438,546,3.0
438,584,4.0
438,899,4.0
438,957,1.0
438,967,1.0
438,979,3.0
439,65,1.0
439,148,4.0
439,167,3.0
439,427,3.0
439,507,3.0
439,508,2.0
439,702,5.0
439,761,3.0
439,966,4.0
440,96,4.0
440,119,3.0
440,126,3.0
440,205,3.0
440,229,3.0
440,382,1.0
440,608,3.0
440,675,3.0
440,693,3.0
441,14,6.0
441,62,3.0
441,290,4.0
441,350,3.0
441,354,3.0
441,505,3.0
441,629,5.0
441,649,3.0
441,935,4.0
442,2,3.0
442,3,4.0
442,91,4.0
442,351,3.0
442,473,3.0
442,626,2.0
442,737,3.0
442,794,5.0
442,822,4.0
443,92,3.0
443,190,3.0
443,258,3.0
443,284,5.0
443,310,3.0
443,501,3.0
443,585,5.0
443,688,3.0
443,741,1.0
444,94,2.0
444,154,3.0
444,221,3.0
444,311,3.0
444,528,1.0
444,692,1.0
444,810,3.0
444,920,1.0
444,973,3.0
445,114,3.0
445,551,4.0
445,696,4.0
445,711,3.0
445,777,1.0
445,825,2.0
445,917,3.0
445,919,4.0
445,945,3.0
446,181,3.0
446,245,3.0
446,308,3.0
446,309,1.0
446,324,3.0
446,411,3.0
446,549,2.0
446,711,3.0
446,994,3.0
447,149,4.0
447,176,3.0
447,236,2.0
447,289,3.0
447,409,3.0
447,541,2.0
447,751,3.0
447,755,2.0
447,854,3.0
448,2,1.0
448,140,3.0
448,340,3.0
448,411,3.0
448,514,3.0
448,529,3.0
448,682,4.0
448,786,1.0
448,864,3.0
449,143,3.0
449,239,1.0
449,468,3.0
449,502,3.0
449,755,4.0
449,759,2.0
449,824,5.0
449,948,3.0
449,976,4.0
450,42,1.0
450,98,2.0
450,229,2.0
450,254,2.0
450,300,3.0
450,324,2.0
450,520,3.0
450,547,3.0
450,954,2.0
451,2,2.0
451,49,2.0
451,140,2.0
451,173,2.0
451,527,2.0
451,606,2.0
451,626,3.0
451,841,1.0
451,898,2.0
452,39,3.0
452,128,4.0
452,330,3.0
452,516,2.0
452,569,2.0
452,594,2.0
452,770,2.0
452,801,4.0
452,894,4.0
453,238,3.0
453,330,4.0
453,503,4.0
453,641,2.0
453,762,3.0
453,775,4.0
453,783,3.0
453,838,4.0
453,897,3.0
454,169,3.0
454,243,4.0
454,462,2.0
454,590,2.0
454,632,2.0
454,636,2.0
454,673,1.0
454,741,2.0
454,833,2.0
455,185,4.0
455,261,2.0
455,360,3.0
455,461,1.0
455,761,3.0
455,804,1.0
455,897,4.0
455,951,2.0
455,966,2.0
456,47,3.0
456,233,4.0
456,559,3.0
456,630,3.0
456,725,2.0
456,747,2.0
456,761,2.0
456,905,2.0
456,964,3.0
457,106,2.0
457,108,4.0
457,218,2.0
457,220,3.0
457,425,3.0
457,435,1.0
457,629,3.0
457,731,3.0
457,768,4.0
458,236,2.0
458,330,2.0
458,409,1.0
458,419,2.0
458,434,3.0
458,551,1.0
458,552,3.0
458,562,5.0
458,845,3.0
459,249,1.0
459,490,3.0
459,517,3.0
459,578,3.0
459,652,2.0
459,690,1.0
459,882,3.0
459,907,1.0
459,997,2.0
460,150,3.0
460,152,3.0
460,215,3.0
460,361,3.0
460,440,3.0
460,450,3.0
460,583,3.0
460,611,2.0
460,693,3.0
461,57,3.0
461,258,2.0
461,412,2.0
461,499,2.0
461,753,3.0
461,778,2.0
461,943,2.0
461,944,3.0
461,976,2.0
462,13,3.0
462,18,1.0
462,54,2.0
462,327,1.0
462,475,2.0
462,561,2.0
462,685,3.0
462,802,2.0
462,840,3.0
463,415,3.0
463,438,3.0
463,487,2.0
463,489,2.0
463,541,4.0
463,571,2.0
463,770,1.0
463,784,3.0
463,820,2.0
464,10,1.0
464,256,2.0
464,306,2.0
464,443,2.0
464,470,4.0
464,573,2.0
464,580,3.0
464,747,2.0
464,789,4.0
465,24,5.0
465,106,2.0
465,205,2.0
465,212,4.0
465,414,3.0
465,456,5.0
465,638,2.0
465,648,5.0
465,830,4.0
466,304,3.0
466,350,2.0
466,450,3.0
466,466,2.0
466,668,1.0
466,733,3.0
466,799,2.0
466,840,2.0
466,950,2.0
467,9,1.0
467,133,5.0
467,173,3.0
467,323,3.0
467,420,3.0
467,609,1.0
467,663,3.0
467,738,2.0
467,825,2.0
468,436,2.0
468,628,2.0
468,666,3.0
468,675,1.0
468,729,2.0
468,860,1.0
468,926,3.0
468,928,2.0
468,989,2.0
469,156,4.0
469,293,3.0
469,440,1.0
469,474,3.0
469,621,3.0
469,722,1.0
469,803,4.0
469,804,1.0
469,852,3.0
470,296,1.0
470,380,4.0
470,396,1.0
470,438,3.0
470,676,3.0
470,711,3.0
470,747,1.0
470,932,3.0
470,948,3.0
471,136,4.0
471,231,3.0
471,289,1.0
471,357,1.0
471,378,1.0
471,672,2.0
471,791,1.0
471,880,3.0
471,909,4.0
472,122,3.0
472,148,3.0
472,425,1.0
472,599,3.0
472,657,1.0
472,699,5.0
472,750,2.0
472,771,2.0
472,867,4.0
473,21,2.0
473,163,2.0
473,211,2.0
473,275,2.0
473,448,1.0
473,457,3.0
473,602,1.0
473,713,2.0
473,931,3.0
474,11,3.0
474,38,2.0
474,45,2.0
474,161,3.0
474,166,3.0
474,346,1.0
474,371,3.0
474,567,3.0
474,881,2.0
475,214,3.0
475,250,5.0
475,287,2.0
475,467,3.0
475,554,3.0
475,563,2.0
475,576,3.0
475,841,3.0
475,950,2.0
476,49,2.0
476,198,2.0
476,292,5.0
476,305,2.0
476,308,3.0
476,439,3.0
476,664,2.0
476,691,1.0
476,752,2.0
477,37,5.0
477,44,1.0
477,48,1.0
477,328,2.0
477,523,2.0
477,664,3.0
477,666,2.0
477,811,1.0
477,928,2.0
478,16,3.0
478,415,1.0
478,506,3.0
478,581,2.0
478,585,3.0
478,611,3.0
478,809,1.0
478,846,3.0
478,948,1.0
479,1,3.0
479,6,1.0
479,49,1.0
479,191,4.0
479,199,1.0
479,340,2.0
479,458,4.0
479,586,3.0
479,983,1.0
480,178,3.0
480,225,5.0
480,375,3.0
480,773,3.0
480,806,3.0
480,807,2.0
480,877,2.0
480,886,3.0
480,995,1.0
481,165,2.0
481,247,1.0
481,265,4.0
481,393,1.0
481,394,1.0
481,567,4.0
481,617,2.0
481,790,3.0
481,893,4.0
482,163,1.0
482,259,3.0
482,293,1.0
482,320,2.0
482,602,4.0
482,692,3.0
482,749,2.0
482,874,1.0
482,975,3.0
483,204,3.0
483,257,3.0
483,425,3.0
483,429,5.0
483,838,4.0
483,907,2.0
483,975,2.0
483,988,2.0
483,994,3.0
484,116,1.0
484,291,2.0
484,315,1.0
484,348,2.0
484,380,3.0
484,418,3.0
484,574,2.0
484,724,3.0
484,836,3.0
485,87,3.0
485,254,2.0
485,258,2.0
485,372,4.0
485,487,2.0
485,606,3.0
485,681,2.0
485,826,4.0
485,882,3.0
486,342,3.0
486,365,2.0
486,550,3.0
486,576,2.0
486,707,2.0
486,875,3.0
486,885,5.0
486,939,3.0
486,941,3.0
487,15,2.0
487,107,3.0
487,195,3.0
487,339,2.0
487,363,3.0
487,499,3.0
487,501,4.0
487,614,4.0
487,858,2.0
488,312,3.0
488,313,2.0
488,341,5.0
488,417,3.0
488,572,3.0
488,617,
488,712,2.0
488,914,4.0
488,929,4.0
489,31,1.0
489,50,2.0
489,106,2.0
489,244,2.0
489,604,2.0
489,655,4.0
489,702,2.0
489,757,2.0
489,858,4.0
490,68,2.0
490,143,1.0
490,205,3.0
490,288,3.0
490,396,3.0
490,408,3.0
490,587,5.0
490,751,3.0
490,988,3.0
491,147,1.0
491,211,2.0
491,297,3.0
491,394,1.0
491,505,2.0
491,525,4.0
491,598,3.0
491,776,2.0
491,794,2.0
492,40,2.0
492,442,3.0
492,542,6.0
492,549,4.0
492,553,2.0
492,678,1.0
492,743,3.0
492,795,1.0
492,828,2.0
493,70,2.0
493,279,4.0
493,445,2.0
493,504,2.0
493,549,3.0
493,612,4.0
493,849,3.0
493,871,2.0
493,920,2.0
494,86,3.0
494,286,1.0
494,330,4.0
494,389,3.0
494,644,1.0
494,668,2.0
494,861,3.0
494,898,1.0
494,987,4.0
495,27,4.0
495,185,1.0
495,187,3.0
495,199,3.0
495,203,3.0
495,363,1.0
495,485,3.0
495,541,3.0
495,932,2.0
496,4,1.0
496,111,2.0
496,327,1.0
496,485,2.0
496,489,1.0
496,583,2.0
496,652,3.0
496,831,5.0
496,965,2.0
497,46,1.0
497,137,4.0
497,145,3.0
497,183,1.0
497,377,3.0
497,509,2.0
497,536,2.0
497,670,4.0
497,985,3.0
498,130,2.0
498,213,3.0
498,445,1.0
498,482,1.0
498,569,2.0
498,638,1.0
498,735,4.0
498,745,3.0
498,995,4.0
499,262,3.0
499,333,2.0
499,420,3.0
499,539,1.0
499,675,3.0
499,710,3.0
499,764,2.0
499,892,4.0
499,976,3.0
500,39,3.0
500,180,2.0
500,287,2.0
500,626,2.0
500,662,2.0
500,673,1.0
500,709,1.0
500,792,1.0
500,928,3.0
501,125,2.0
501,295,1.0
501,372,1.0
501,608,2.0
501,618,3.0
501,682,3.0
501,900,1.0
501,920,2.0
501,944,3.0
502,7,2.0
502,54,5.0
502,83,1.0
502,231,2.0
502,249,3.0
502,485,1.0
502,758,1.0
502,819,4.0
502,931,3.0
503,15,4.0
503,29,2.0
503,60,3.0
503,268,3.0
503,272,3.0
503,346,3.0
503,446,3.0
503,648,1.0
503,794,1.0
504,41,2.0
504,58,3.0
504,147,3.0
504,208,3.0
504,351,2.0
504,354,5.0
504,502,1.0
504,669,2.0
504,914,5.0
505,113,4.0
505,471,5.0
505,530,2.0
505,545,4.0
505,648,2.0
505,684,1.0
505,843,3.0
505,849,3.0
505,988,3.0
506,364,5.0
506,412,2.0
506,491,3.0
506,540,2.0
506,696,1.0
506,861,3.0
506,870,1.0
506,889,4.0
506,954,2.0
507,27,3.0
507,199,3.0
507,228,2.0
507,230,2.0
507,323,2.0
507,494,2.0
507,609,2.0
507,926,4.0
507,929,1.0
508,3,4.0
508,47,5.0
508,309,2.0
508,326,2.0
508,369,3.0
508,411,4.0
508,613,2.0
508,785,3.0
508,841,2.0
509,156,5.0
509,235,3.0
509,249,3.0
509,266,3.0
509,294,5.0
509,801,5.0
509,874,5.0
509,948,5.0
509,962,5.0
510,10,3.0
510,14,2.0
510,248,2.0
510,318,3.0
510,468,2.0
510,536,4.0
510,604,2.0
510,665,2.0
510,947,3.0
511,168,2.0
511,189,3.0
511,272,5.0
511,315,1.0
511,333,1.0
511,397,2.0
511,444,1.0
511,678,3.0
511,825,1.0
512,32,1.0
512,48,3.0
512,105,1.0
512,113,3.0
512,643,1.0
512,701,2.0
512,795,3.0
512,893,3.0
512,994,2.0
513,50,1.0
513,312,2.0
513,426,4.0
513,450,5.0
513,486,2.0
513,498,2.0
513,602,3.0
513,775,3.0
513,789,2.0
514,39,3.0
514,94,3.0
514,181,1.0
514,208,3.0
514,369,2.0
514,497,1.0
514,663,3.0
514,681,3.0
514,830,5.0
515,48,2.0
515,126,5.0
515,209,4.0
515,345,4.0
515,507,3.0
515,622,4.0
515,656,3.0
515,685,3.0
515,745,3.0
516,8,2.0
516,35,5.0
516,224,5.0
516,358,5.0
516,403,3.0
516,583,3.0
516,645,4.0
516,887,5.0
516,915,5.0
517,30,3.0
517,333,3.0
517,376,3.0
517,496,2.0
517,524,3.0
517,646,1.0
517,878,1.0
517,934,2.0
517,968,1.0
518,132,3.0
518,171,3.0
518,199,2.0
518,480,3.0
518,571,3.0
518,681,4.0
518,867,5.0
518,903,2.0
518,962,3.0
519,72,5.0
519,88,3.0
519,281,5.0
519,361,2.0
519,806,4.0
519,824,2.0
519,830,4.0
519,872,2.0
519,887,3.0
520,58,4.0
520,75,3.0
520,83,2.0
520,570,5.0
520,648,2.0
520,682,1.0
520,703,5.0
520,763,3.0
520,829,1.0
521,291,3.0
521,305,5.0
521,471,5.0
521,639,2.0
521,660,3.0
521,705,3.0
521,757,1.0
521,776,5.0
521,840,2.0
522,9,3.0
522,67,3.0
522,120,1.0
522,204,2.0
522,278,4.0
522,296,3.0
522,708,2.0
522,970,4.0
522,981,3.0
523,245,2.0
523,365,2.0
523,445,4.0
523,472,3.0
523,500,2.0
523,605,3.0
523,648,1.0
523,884,1.0
523,993,1.0
524,55,2.0
524,75,3.0
524,101,1.0
524,116,4.0
524,145,1.0
524,309,3.0
524,528,2.0
524,630,3.0
524,783,3.0
525,60,3.0
525,202,3.0
525,312,4.0
525,695,3.0
525,808,2.0
525,813,4.0
525,858,2.0
525,876,3.0
525,896,3.0
526,5,3.0
526,38,3.0
526,174,2.0
526,461,1.0
526,544,2.0
526,548,3.0
526,656,3.0
526,657,3.0
526,791,3.0
527,215,3.0
527,241,3.0
527,360,1.0
527,364,3.0
527,429,3.0
527,466,2.0
527,517,2.0
527,666,2.0
527,811,2.0
528,55,4.0
528,67,2.0
528,202,1.0
528,622,2.0
528,694,3.0
528,869,2.0
528,879,1.0
528,920,5.0
528,952,3.0
529,13,1.0
529,137,1.0
529,154,
529,328,1.0
529,354,1.0
529,362,4.0
529,597,5.0
529,678,1.0
529,933,4.0
530,251,3.0
530,258,3.0
530,336,4.0
530,408,3.0
530,510,3.0
530,560,4.0
530,709,4.0
530,800,4.0
530,911,3.0
531,76,3.0
531,222,
531,257,3.0
531,297,
531,647,4.0
531,746,3.0
531,945,2.0
531,952,3.0
531,968,3.0
532,26,2.0
532,34,4.0
532,189,3.0
532,314,2.0
532,424,3.0
532,514,3.0
532,835,2.0
532,844,4.0
532,876,4.0
533,105,2.0
533,165,2.0
533,208,3.0
533,355,3.0
533,384,2.0
533,421,3.0
533,815,2.0
533,875,3.0
533,951,2.0
534,96,2.0
534,106,3.0
534,244,3.0
534,321,3.0
534,339,3.0
534,377,3.0
534,417,3.0
534,713,3.0
534,849,3.0
535,90,3.0
535,157,2.0
535,191,3.0
535,471,3.0
535,524,3.0
535,593,2.0
535,725,3.0
535,837,3.0
535,952,2.0
536,5,1.0
536,65,3.0
536,326,3.0
536,412,3.0
536,480,2.0
536,507,2.0
536,722,3.0
536,793,3.0
536,837,2.0
537,98,3.0
537,191,
537,212,2.0
537,471,4.0
537,526,2.0
537,576,3.0
537,816,2.0
537,893,2.0
537,992,2.0
538,13,4.0
538,88,3.0
538,142,3.0
538,335,2.0
538,436,4.0
538,446,1.0
538,632,4.0
538,654,4.0
538,823,3.0
539,69,3.0
539,131,5.0
539,133,3.0
539,300,3.0
539,396,3.0
539,419,3.0
539,617,3.0
539,671,4.0
539,965,4.0
540,180,2.0
540,304,3.0
540,399,1.0
540,446,1.0
540,690,5.0
540,759,4.0
540,877,2.0
540,907,3.0
540,974,3.0
541,230,3.0
541,248,4.0
541,324,1.0
541,516,2.0
541,611,3.0
541,696,2.0
541,725,2.0
541,862,2.0
541,911,2.0
542,56,3.0
542,153,2.0
542,169,4.0
542,460,3.0
542,467,3.0
542,514,2.0
542,670,2.0
542,907,3.0
542,915,1.0
543,11,3.0
543,187,3.0
543,283,2.0
543,520,3.0
543,549,3.0
543,552,1.0
543,606,2.0
543,839,1.0
543,987,1.0
544,237,3.0
544,658,1.0
544,680,4.0
544,823,3.0
544,832,4.0
544,866,3.0
544,969,2.0
544,973,5.0
544,983,2.0
545,109,2.0
545,187,3.0
545,267,3.0
545,332,2.0
545,357,3.0
545,604,5.0
545,645,2.0
545,887,3.0
545,980,3.0
546,68,2.0
546,152,2.0
546,373,1.0
546,374,2.0
546,502,3.0
546,567,2.0
546,740,3.0
546,758,2.0
546,876,4.0
547,26,1.0
547,330,2.0
547,334,3.0
547,340,2.0
547,467,3.0
547,481,3.0
547,556,4.0
547,779,2.0
547,803,3.0
548,53,1.0
548,56,4.0
548,191,2.0
548,247,1.0
548,356,1.0
548,613,1.0
548,677,2.0
548,692,3.0
548,813,4.0
549,311,1.0
549,382,4.0
549,468,4.0
549,485,4.0
549,539,3.0
549,609,4.0
549,821,3.0
549,881,4.0
549,896,1.0
550,34,2.0
550,149,1.0
550,423,2.0
550,452,1.0
550,746,3.0
550,868,3.0
550,963,1.0
550,972,3.0
550,978,1.0
551,71,1.0
551,84,3.0
551,259,4.0
551,285,2.0
551,634,3.0
551,642,4.0
551,777,2.0
551,906,2.0
551,992,1.0
552,244,1.0
552,269,1.0
552,536,3.0
552,632,1.0
552,701,1.0
552,733,2.0
552,836,1.0
552,839,4.0
552,898,2.0
553,32,3.0
553,77,4.0
553,198,1.0
553,327,1.0
553,437,1.0
553,580,1.0
553,582,4.0
553,822,4.0
553,923,4.0
554,36,1.0
554,367,2.0
554,555,3.0
554,767,3.0
554,805,1.0
554,808,1.0
554,816,3.0
554,834,1.0
554,964,3.0
555,68,3.0
555,207,3.0
555,300,4.0
555,400,3.0
555,464,1.0
555,536,4.0
555,543,3.0
555,605,2.0
555,989,2.0
556,62,2.0
556,356,4.0
556,369,3.0
556,408,1.0
556,499,6.0
556,509,2.0
556,691,2.0
556,836,3.0
556,951,1.0
557,158,3.0
557,329,4.0
557,485,3.0
557,507,3.0
557,659,3.0
557,677,3.0
557,762,3.0
557,825,1.0
557,842,2.0
558,131,3.0
558,320,1.0
558,515,2.0
558,531,4.0
558,587,1.0
558,661,3.0
558,748,2.0
558,809,2.0
558,950,3.0
559,76,2.0
559,271,3.0
559,279,1.0
559,429,3.0
559,585,3.0
559,598,3.0
559,763,1.0
559,766,3.0
559,900,3.0
560,22,3.0
560,139,3.0
560,189,2.0
560,351,3.0
560,515,2.0
560,666,4.0
560,677,2.0
560,719,4.0
560,881,3.0
561,27,2.0
561,36,1.0
561,132,3.0
561,141,1.0
561,286,3.0
561,623,3.0
561,752,1.0
561,847,3.0
561,937,1.0
562,58,3.0
562,101,3.0
562,242,1.0
562,271,4.0
562,295,4.0
562,480,4.0
562,502,1.0
562,715,2.0
562,930,3.0
563,27,3.0
563,217,4.0
563,548,3.0
563,564,3.0
563,707,3.0
563,720,3.0
563,793,4.0
563,963,2.0
563,973,4.0
564,77,3.0
564,171,2.0
564,296,2.0
564,380,2.0
564,433,2.0
564,456,1.0
564,765,3.0
564,871,3.0
564,900,2.0
565,348,3.0
565,528,3.0
565,611,2.0
565,695,2.0
565,701,2.0
565,759,2.0
565,786,1.0
565,898,4.0
565,987,3.0
566,35,4.0
566,71,3.0
566,264,3.0
566,523,3.0
566,681,3.0
566,837,3.0
566,914,3.0
566,956,3.0
566,996,2.0
567,109,4.0
567,307,1.0
567,375,5.0
567,535,1.0
567,630,1.0
567,700,6.0
567,880,1.0
567,915,3.0
567,967,1.0
568,175,2.0
568,181,1.0
568,224,2.0
568,371,3.0
568,496,2.0
568,521,3.0
568,731,1.0
568,812,2.0
568,904,1.0
569,15,5.0
569,120,3.0
569,269,2.0
569,316,4.0
569,377,2.0
569,414,2.0
569,491,3.0
569,688,6.0
569,924,2.0
570,206,4.0
570,309,2.0
570,379,3.0
570,393,5.0
570,472,3.0
570,507,4.0
570,596,2.0
570,634,2.0
570,976,2.0
571,56,3.0
571,290,1.0
571,375,2.0
571,538,2.0
571,541,1.0
571,599,3.0
571,608,3.0
571,882,1.0
571,948,1.0
572,32,3.0
572,51,3.0
572,189,2.0
572,270,3.0
572,362,4.0
572,390,2.0
572,808,2.0
572,900,2.0
572,997,2.0
573,10,3.0
573,26,2.0
573,315,2.0
573,357,3.0
573,478,3.0
573,523,1.0
573,581,2.0
573,716,2.0
573,926,2.0
574,7,3.0
574,47,4.0
574,84,3.0
574,243,2.0
574,413,1.0
574,473,4.0
574,550,3.0
574,828,1.0
574,898,2.0
575,27,1.0
575,101,2.0
575,562,3.0
575,603,3.0
575,662,2.0
575,683,4.0
575,707,3.0
575,817,4.0
575,962,4.0
576,29,2.0
576,336,4.0
576,408,4.0
576,436,3.0
576,587,3.0
576,784,3.0
576,787,2.0
576,788,3.0
576,836,3.0
577,42,4.0
577,54,3.0
577,338,4.0
577,410,5.0
577,435,2.0
577,575,3.0
577,581,3.0
577,624,4.0
577,683,6.0
578,3,3.0
578,190,5.0
578,320,2.0
578,387,1.0
578,414,3.0
578,633,1.0
578,881,3.0
578,939,4.0
578,999,4.0
579,186,1.0
579,345,5.0
579,379,1.0
579,435,2.0
579,462,2.0
579,665,1.0
579,847,2.0
579,881,1.0
579,901,1.0
580,214,1.0
580,253,4.0
580,275,3.0
580,428,3.0
580,448,2.0
580,552,3.0
580,855,1.0
580,856,1.0
580,875,1.0
581,253,2.0
581,428,3.0
581,439,3.0
581,461,2.0
581,496,4.0
581,531,4.0
581,695,4.0
581,787,3.0
581,821,2.0
582,198,2.0
582,355,1.0
582,417,2.0
582,468,3.0
582,488,1.0
582,650,2.0
582,679,1.0
582,769,3.0
582,825,3.0
583,333,1.0
583,351,3.0
583,435,3.0
583,547,3.0
583,557,3.0
583,785,3.0
583,828,3.0
583,836,3.0
583,887,1.0
584,248,3.0
584,385,2.0
584,659,1.0
584,732,2.0
584,792,3.0
584,816,3.0
584,845,3.0
584,873,2.0
584,891,2.0
585,53,2.0
585,140,3.0
585,278,3.0
585,298,3.0
585,319,3.0
585,457,3.0
585,545,2.0
585,669,3.0
585,957,3.0
586,27,2.0
586,235,3.0
586,412,1.0
586,434,4.0
586,473,3.0
586,497,2.0
586,546,3.0
586,623,1.0
586,840,3.0
587,66,3.0
587,248,2.0
587,538,2.0
587,664,2.0
587,745,2.0
587,790,2.0
587,842,2.0
587,854,2.0
587,907,3.0
588,93,3.0
588,368,2.0
588,433,3.0
588,506,3.0
588,780,2.0
588,817,2.0
588,825,2.0
588,912,4.0
588,946,2.0
589,209,1.0
589,267,3.0
589,378,2.0
589,521,2.0
589,631,2.0
589,673,3.0
589,697,3.0
589,868,1.0
589,924,3.0
590,17,1.0
590,126,3.0
590,171,3.0
590,462,3.0
590,703,1.0
590,809,3.0
590,825,1.0
590,875,1.0
590,952,2.0
591,129,3.0
591,229,3.0
591,245,1.0
591,493,4.0
591,524,2.0
591,578,3.0
591,696,3.0
591,744,1.0
591,773,3.0
592,79,2.0
592,218,3.0
592,248,1.0
592,408,2.0
592,584,3.0
592,593,2.0
592,791,1.0
592,811,3.0
592,895,1.0
593,208,2.0
593,219,1.0
593,239,1.0
593,340,3.0
593,527,3.0
593,646,3.0
593,771,2.0
593,806,1.0
593,842,3.0
594,184,2.0
594,211,2.0
594,217,1.0
594,324,4.0
594,348,2.0
594,719,5.0
594,828,3.0
594,831,1.0
594,983,1.0
595,196,5.0
595,198,1.0
595,346,2.0
595,354,4.0
595,397,2.0
595,463,2.0
595,597,2.0
595,725,3.0
595,960,4.0
596,29,5.0
596,318,6.0
596,359,4.0
596,445,3.0
596,494,3.0
596,502,1.0
596,587,4.0
596,945,2.0
596,956,3.0
597,110,1.0
597,156,4.0
597,182,1.0
597,297,1.0
597,361,2.0
597,448,3.0
597,514,1.0
597,633,2.0
597,872,3.0
598,183,1.0
598,288,1.0
598,313,2.0
598,415,2.0
598,540,2.0
598,615,1.0
598,749,1.0
598,816,3.0
598,945,1.0
599,144,2.0
599,187,3.0
599,445,3.0
599,774,1.0
599,817,2.0
599,941,1.0
599,961,5.0
599,962,4.0
599,989,2.0
600,101,1.0
600,141,4.0
600,145,2.0
600,203,2.0
600,307,5.0
600,429,3.0
600,558,1.0
600,865,5.0
600,973,1.0
601,63,2.0
601,327,3.0
601,374,3.0
601,394,1.0
601,430,1.0
601,656,2.0
601,904,3.0
601,941,1.0
601,970,2.0
602,110,3.0
602,188,3.0
602,367,4.0
602,433,3.0
602,599,3.0
602,760,1.0
602,828,2.0
602,844,5.0
602,919,2.0
603,5,4.0
603,20,3.0
603,112,3.0
603,228,3.0
603,354,2.0
603,537,3.0
603,685,4.0
603,696,4.0
603,698,3.0
604,58,4.0
604,97,3.0
604,284,1.0
604,389,3.0
604,392,3.0
604,548,4.0
604,794,3.0
604,807,3.0
604,908,3.0
605,356,2.0
605,366,3.0
605,491,1.0
605,577,2.0
605,632,4.0
605,706,3.0
605,733,3.0
605,763,2.0
605,993,4.0
606,99,2.0
606,250,4.0
606,280,5.0
606,390,3.0
606,714,4.0
606,786,3.0
606,813,4.0
606,845,4.0
606,968,2.0
607,33,2.0
607,82,2.0
607,293,1.0
607,321,4.0
607,605,1.0
607,775,2.0
607,846,4.0
607,876,4.0
607,985,1.0
608,185,3.0
608,186,4.0
608,302,4.0
608,351,2.0
608,630,1.0
608,732,5.0
608,798,3.0
608,923,2.0
608,954,4.0
609,54,3.0
609,378,4.0
609,455,3.0
609,613,3.0
609,881,1.0
609,891,3.0
609,908,3.0
609,948,3.0
609,962,3.0
610,83,3.0
610,166,1.0
610,303,3.0
610,314,3.0
610,681,3.0
610,682,3.0
610,920,2.0
610,958,4.0
610,982,3.0
611,51,3.0
611,65,3.0
611,302,4.0
611,483,1.0
611,575,3.0
611,706,2.0
611,798,4.0
611,809,4.0
611,975,2.0
612,47,4.0
612,222,4.0
612,425,1.0
612,486,
612,514,6.0
612,523,4.0
612,624,4.0
612,657,
613,50,4.0
613,87,3.0
613,118,1.0
613,274,4.0
613,299,4.0
613,498,4.0
613,658,5.0
613,701,4.0
613,737,6.0
614,60,4.0
614,184,3.0
614,266,3.0
614,276,4.0
614,396,4.0
614,676,4.0
614,739,5.0
614,779,4.0
614,948,2.0
615,42,3.0
615,81,3.0
615,231,3.0
615,235,2.0
615,365,4.0
615,579,1.0
615,635,2.0
615,700,3.0
615,776,3.0
616,64,4.0
616,93,1.0
616,220,2.0
616,256,4.0
616,444,4.0
616,454,4.0
616,852,4.0
616,906,5.0
616,979,3.0
617,379,4.0
617,434,2.0
617,482,4.0
617,624,4.0
617,646,4.0
617,758,4.0
617,908,2.0
617,970,3.0
618,35,4.0
618,91,2.0
618,155,4.0
618,239,3.0
618,309,4.0
618,438,4.0
618,571,1.0
618,598,3.0
618,758,3.0
619,6,3.0
619,81,3.0
619,237,1.0
619,279,1.0
619,343,4.0
619,409,1.0
619,482,2.0
619,742,3.0
619,837,3.0
620,558,1.0
620,606,3.0
620,630,3.0
620,691,3.0
620,707,3.0
620,779,3.0
620,798,3.0
620,837,2.0
620,897,3.0
621,103,3.0
621,162,3.0
621,208,1.0
621,267,2.0
621,327,2.0
621,538,2.0
621,593,1.0
621,800,1.0
621,980,3.0
622,22,4.0
622,73,4.0
622,319,3.0
622,676,3.0
622,764,4.0
622,807,3.0
622,895,4.0
622,948,3.0
623,55,1.0
623,154,1.0
623,173,3.0
623,253,3.0
623,288,1.0
623,352,2.0
623,388,1.0
623,389,5.0
623,752,1.0
624,57,2.0
624,157,3.0
624,200,2.0
624,302,2.0
624,312,1.0
624,356,1.0
624,719,1.0
624,832,3.0
624,888,4.0
625,159,2.0
625,196,1.0
625,284,3.0
625,358,1.0
625,635,1.0
625,799,4.0
625,866,2.0
625,891,1.0
625,985,1.0
626,45,4.0
626,229,1.0
626,263,2.0
626,294,1.0
626,438,3.0
626,453,4.0
626,690,4.0
626,691,3.0
626,770,2.0
627,21,2.0
627,130,6.0
627,336,2.0
627,485,3.0
627,510,1.0
627,559,3.0
627,642,1.0
627,819,3.0
627,825,3.0
628,27,2.0
628,78,2.0
628,319,2.0
628,493,4.0
628,558,3.0
628,598,3.0
628,781,2.0
628,793,3.0
628,854,2.0
629,48,2.0
629,184,2.0
629,281,3.0
629,490,5.0
629,657,2.0
629,739,3.0
629,793,3.0
629,853,3.0
629,953,3.0
630,56,4.0
630,137,3.0
630,163,1.0
630,270,1.0
630,402,
630,546,4.0
630,829,1.0
630,845,1.0
630,958,4.0
631,22,2.0
631,418,3.0
631,430,4.0
631,538,2.0
631,549,1.0
631,593,2.0
631,679,2.0
631,692,3.0
631,710,6.0
632,28,4.0
632,59,2.0
632,96,4.0
632,188,2.0
632,296,2.0
632,576,2.0
632,753,3.0
632,798,2.0
632,825,2.0
633,20,2.0
633,78,1.0
633,89,4.0
633,194,2.0
633,415,2.0
633,493,1.0
633,628,2.0
633,677,3.0
633,958,3.0
634,320,3.0
634,332,3.0
634,341,3.0
634,380,5.0
634,538,3.0
634,556,3.0
634,723,3.0
634,841,3.0
634,963,4.0
635,16,4.0
635,91,3.0
635,264,3.0
635,413,1.0
635,425,3.0
635,771,3.0
635,842,4.0
635,846,4.0
635,907,4.0
636,381,4.0
636,395,3.0
636,421,3.0
636,463,5.0
636,650,1.0
636,739,3.0
636,764,1.0
636,890,4.0
636,922,3.0
637,70,4.0
637,74,2.0
637,145,4.0
637,196,3.0
637,533,3.0
637,608,3.0
637,927,5.0
637,955,2.0
637,991,2.0
638,466,4.0
638,495,5.0
638,670,3.0
638,700,3.0
638,708,3.0
638,806,3.0
638,807,3.0
638,879,3.0
638,943,3.0
639,12,3.0
639,130,3.0
639,523,3.0
639,570,4.0
639,687,5.0
639,742,2.0
639,746,5.0
639,860,1.0
639,966,3.0
640,40,3.0
640,61,4.0
640,342,4.0
640,443,3.0
640,465,4.0
640,679,2.0
640,743,5.0
640,751,1.0
640,969,1.0
